单品编码,分类名称,日期,进价,建议定价,预测销量,加权进价,加权定价,毛利
102900005115168,花叶类,2023-07-01,2.2,3.9204000000000003,7.8975954,17.37470989227295,30.961733028030398,13.587023135757448
102900005115199,花叶类,2023-07-01,14.71,26.213220000000003,3.2677948,48.06926220655441,85.65942525207997,37.59016304552556
102900005115250,食用菌,2023-07-01,14.71,24.62454,6.804544,100.09484182834626,167.55876522065162,67.46392339230536
102900005115625,花叶类,2023-07-01,3.0,5.346,2.3850858,7.1552574634552,12.750668799877166,5.595411336421967
102900005115748,花叶类,2023-07-01,2.64,4.70448,9.315439,24.592759552001954,43.82429752166748,19.231537969665528
102900005115762,花叶类,2023-07-01,2.21,3.93822,10.449978,23.09445110321045,41.15431186592102,18.05986076271057
102900005115779,花叶类,2023-07-01,5.68,10.12176,4.803864,27.285947532653807,48.62355850318909,21.33761097053528
102900005115786,花叶类,2023-07-01,2.15,3.8312999999999997,16.567049,35.619155406951904,63.47333493518829,27.854179528236386
102900005115793,花叶类,2023-07-01,11.82,21.06324,2.551118,30.154213542938233,53.73480853351593,23.580594990577698
102900005115816,花叶类,2023-07-01,4.47,7.96554,5.6257005,25.146881117820737,44.81174215195656,19.664861034135818
102900005115823,花叶类,2023-07-01,4.09,7.28838,5.832851,23.85636031627655,42.51203408360481,18.655673767328263
102900005115854,花叶类,2023-07-01,2.29,4.08078,2.9436176,6.740884263515473,12.01225575758457,5.271371494069099
102900005115861,花叶类,2023-07-01,2.0,3.564,5.2765117,10.553023338317871,18.805487588882446,8.252464250564575
102900005115878,花叶类,2023-07-01,8.42,15.00444,8.31717,70.03057260513306,124.79448038234712,54.76390777721406
102900005115885,花叶类,2023-07-01,6.22,11.08404,3.8136525,23.720918645858763,42.27067702692032,18.549758381061555
102900005115908,花叶类,2023-07-01,4.62,8.23284,4.2342644,19.562301406860353,34.86002110702515,15.297719700164793
102900005115946,花叶类,2023-07-01,3.12,5.55984,7.4408474,23.21544387817383,41.36992099090576,18.154477112731936
102900005115960,花叶类,2023-07-01,1.64,2.9224799999999997,11.51785,18.889273872375487,33.66068604057312,14.77141216819763
102900005115977,花叶类,2023-07-01,14.17,25.25094,1.5828848,22.42947745323181,39.96932882165909,17.539851368427275
102900005115984,花叶类,2023-07-01,2.66,4.74012,3.8442652,10.225745491981506,18.222278466711046,7.996532974729538
102900005116219,辣椒类,2023-07-01,11.28,21.72528,1.4865581,16.76837513923645,32.29589051816941,15.527515378932955
102900005116226,辣椒类,2023-07-01,5.13,9.88038,2.0359612,10.44448070526123,20.116069838333132,9.671589133071901
102900005116233,辣椒类,2023-07-01,9.31,17.931060000000002,2.0968964,19.522105576992036,37.599575341286666,18.077469764294626
102900005116257,茄类,2023-07-01,3.43,5.734960000000001,14.62323,50.157678833007814,83.86363900878908,33.705960175781264
102900005116509,茄类,2023-07-01,3.98,6.654560000000001,4.0192943,15.996791162490844,26.746634823684698,10.749843661193852
102900005116530,食用菌,2023-07-01,12.0,20.088,7.785669,93.42802619934082,156.39851585769654,62.97048965835572
102900005116547,食用菌,2023-07-01,9.36,15.668639999999998,12.70574,118.92572616577148,199.08166560150144,80.15593943572996
102900005116639,花叶类,2023-07-01,7.22,12.86604,1.5505333,11.194850387573242,19.94922339065552,8.754373003082275
102900005116714,花菜类,2023-07-01,7.59,12.04533,16.998419,129.017998752594,204.75156402036666,75.73356526777268
102900005116790,花叶类,2023-07-01,10.0,17.82,4.681563,46.81562900543213,83.42545088768006,36.60982188224793
102900005116806,花叶类,2023-07-01,2.0,3.564,4.479129,8.958257675170898,15.96361517715454,7.005357501983643
102900005116837,食用菌,2023-07-01,7.4,12.3876,2.469139,18.271629333496094,30.586707504272464,12.315078170776369
102900005116899,水生根茎类,2023-07-01,10.38,20.76,8.0388775,83.44354831695557,166.88709663391114,83.44354831695557
102900005116905,辣椒类,2023-07-01,5.0,9.63,1.8691075,9.345537424087524,17.999505078792573,8.653967654705049
102900005116912,食用菌,2023-07-01,8.48,14.19552,1.6296238,13.819209575653076,23.13335682964325,9.314147253990173
102900005116943,辣椒类,2023-07-01,9.13,17.584380000000003,1.4388074,13.136311272382738,25.300535510609155,12.164224238226417
102900005117056,辣椒类,2023-07-01,10.0,19.26,21.932428,219.32428359985352,422.4185702133179,203.0942866134644
102900005117209,辣椒类,2023-07-01,14.71,28.331460000000003,1.3745462,20.219574164152146,38.94289984015704,18.72332567600489
102900005117353,食用菌,2023-07-01,1.0,1.674,4.7564306,4.756430625915527,7.962264867782593,3.205834241867065
102900005118572,花叶类,2023-07-01,1.6,2.8512000000000004,5.55434,8.886943817138672,15.836533882141115,6.949590065002443
102900005118817,花叶类,2023-07-01,9.66,17.21412,4.9807296,48.11384774208069,85.73887667638779,37.6250289343071
102900005118824,水生根茎类,2023-07-01,11.67,23.34,4.0832224,47.6512052822113,95.3024105644226,47.6512052822113
102900005118831,花叶类,2023-07-01,4.4,7.840800000000001,11.2821245,49.64134788513184,88.46088193130494,38.819534046173096
102900005119098,食用菌,2023-07-01,14.36,24.038639999999997,1.9043705,27.34676104545593,45.77847799009323,18.431716944637294
102900005119104,食用菌,2023-07-01,2.5,4.185,3.8292181,9.573045372962952,16.02527795433998,6.452232581377028
102900005119944,食用菌,2023-07-01,10.83,18.12942,2.6232858,28.410184893608093,47.558649511899944,19.148464618291854
102900005119968,辣椒类,2023-07-01,8.0,15.408000000000001,1.423224,11.385791778564453,21.92903496551514,10.543243186950685
102900005119975,花叶类,2023-07-01,2.6,4.6332,6.7468243,17.541743087768555,31.259386182403567,13.717643094635012
102900005122654,花叶类,2023-07-01,4.2,7.484400000000001,5.553275,23.32375545501709,41.56293222084046,18.239176765823366
102900005123880,辣椒类,2023-07-01,8.44,16.25544,2.0796397,17.55215884208679,33.80545792985916,16.25329908777237
102900005125808,辣椒类,2023-07-01,14.71,28.331460000000003,4.050481,59.58257319450379,114.7560359726143,55.17346277811051
102900005125815,食用菌,2023-07-01,5.81,9.72594,2.3926122,13.901076991558075,23.270402883868215,9.369325892310142
102900005128748,花叶类,2023-07-01,14.71,26.213220000000003,1.4127373,20.781364952325823,37.03239234504462,16.251027392718797
102900011000175,花叶类,2023-07-01,5.43,9.67626,10.758616,58.419287309646606,104.10316998579025,45.68388267614364
102900011000328,辣椒类,2023-07-01,8.97,17.276220000000002,8.393339,75.2882522392273,145.0051738127518,69.71692157352449
102900011000335,茄类,2023-07-01,1.0,1.6720000000000002,5.4340615,5.434061527252197,9.085750873565674,3.651689346313477
102900011000571,花叶类,2023-07-01,5.8,10.3356,3.5469022,20.5720326423645,36.65936216869354,16.08732952632904
102900011000632,花菜类,2023-07-01,9.51,15.092369999999999,1.6229188,15.433958208560943,24.493691676986217,9.059733468425273
102900011000861,辣椒类,2023-07-01,12.0,23.112000000000002,1.3938394,16.726072311401367,32.21441527175904,15.488342960357668
102900011001219,辣椒类,2023-07-01,10.4,20.030400000000004,1.3788233,14.339762115478516,27.618381834411625,13.27861971893311
102900011001561,水生根茎类,2023-07-01,1.33,2.66,6.865018,9.130473794937135,18.26094758987427,9.130473794937135
102900011001691,水生根茎类,2023-07-01,9.16,18.32,2.8306904,25.929123916625976,51.85824783325195,25.929123916625976
102900011001806,食用菌,2023-07-01,5.69,9.52506,3.2004347,18.21047335624695,30.48433239835739,12.273859042110441
102900011001813,食用菌,2023-07-01,1.73,2.89602,6.490813,11.229106106758117,18.79752362271309,7.568417515954971
102900011002414,花叶类,2023-07-01,13.71,24.431220000000003,1.4389958,19.728632941246033,35.156423901300435,15.4277909600544
102900011006689,花叶类,2023-07-01,3.61,6.43302,7.437903,26.85082956790924,47.84817829001427,20.997348722105027
102900011006948,花叶类,2023-07-01,9.19,16.37658,3.7061863,34.059852046966554,60.6946563476944,26.634804300727847
102900011006955,花叶类,2023-07-01,10.0,17.82,1.9264385,19.264384508132935,34.32913319349289,15.064748685359955
102900011007044,食用菌,2023-07-01,3.18,5.32332,2.8799603,9.158273749351501,15.330950256414413,6.172676507062911
102900011007464,花叶类,2023-07-01,6.13,10.92366,1.5704405,9.626800453662872,17.154958408427238,7.528157954764366
102900011007471,花叶类,2023-07-01,11.18,19.92276,1.411624,15.781955814361572,28.123445261192323,12.34148944683075
102900011007495,花叶类,2023-07-01,10.06,17.926920000000003,1.4310014,14.395874333381654,25.65344806208611,11.257573728704456
102900011007969,水生根茎类,2023-07-01,5.29,10.58,2.1393156,11.316979551315308,22.633959102630616,11.316979551315308
102900011008133,花叶类,2023-07-01,14.71,26.213220000000003,1.4241204,20.948811469078066,37.330782037897116,16.38197056881905
102900011008164,花叶类,2023-07-01,2.56,4.56192,10.14028,25.959116210937502,46.25914508789062,20.30002887695312
102900011008485,花叶类,2023-07-01,8.09,14.41638,4.599737,37.21187368392944,66.31155890476226,29.099685220832825
102900011008492,花叶类,2023-07-01,4.31,7.68042,4.7100863,20.300472149848936,36.17544137103081,15.874969221181871
102900011008515,花叶类,2023-07-01,5.09,9.07038,1.9095322,9.719518843889237,17.32018257981062,7.600663735921383
102900011008522,花叶类,2023-07-01,3.15,5.6133,7.436635,23.425400304794312,41.74406334314346,18.31866303834915
102900011008577,食用菌,2023-07-01,4.17,6.98058,2.180415,9.092330195903777,15.220560747942924,6.128230552039146
102900011008676,花叶类,2023-07-01,11.17,19.90494,1.6009083,17.882145481109617,31.86598324733734,13.983837766227722
102900011009246,食用菌,2023-07-01,7.38,12.35412,1.4500452,10.701333782672881,17.914032752194405,7.212698969521522
102900011009277,水生根茎类,2023-07-01,2.71,5.42,6.637875,17.98864146709442,35.97728293418884,17.98864146709442
102900011009444,茄类,2023-07-01,5.01,8.37672,3.9603326,19.841266486644745,33.17459756567001,13.333331079025271
102900011009772,辣椒类,2023-07-01,14.71,28.331460000000003,1.399437,20.585717544555663,39.648091990814216,19.06237444625855
102900011009970,花菜类,2023-07-01,7.13,11.31531,9.159123,65.30454998970032,103.6383208336544,38.33377084395409
102900011010563,食用菌,2023-07-01,14.71,24.62454,1.4206384,20.897591482400895,34.9825681415391,14.084976659138201
102900011010891,水生根茎类,2023-07-01,9.11,18.22,3.659259,33.33585022687912,66.67170045375823,33.33585022687912
102900011011058,食用菌,2023-07-01,14.71,24.62454,1.5269374,22.461248646974564,37.60013023503542,15.138881588060855
102900011011546,食用菌,2023-07-01,1.0,1.674,4.1571956,4.157195568084717,6.9591453809738155,2.8019498128890987
102900011011669,食用菌,2023-07-01,6.37,10.66338,1.6325967,10.399641177654267,17.408999331393243,7.009358153738975
102900011012482,食用菌,2023-07-01,6.04,10.11096,2.4424477,14.752383880615234,24.695490616149904,9.943106735534668
102900011012871,食用菌,2023-07-01,14.71,24.62454,1.4152682,20.81859496831894,34.8503279769659,14.031733008646963
102900011012994,食用菌,2023-07-01,4.18,6.997319999999999,8.17404,34.16748653411865,57.19637245811462,23.02888592399597
102900011013274,食用菌,2023-07-01,3.29,5.50746,2.3308408,7.668466317653656,12.83701261575222,5.168546298098564
102900011015384,花叶类,2023-07-01,14.71,26.213220000000003,1.5598216,22.944975819587707,40.8879469105053,17.94297109091759
102900011015391,花叶类,2023-07-01,2.0,3.564,2.6902013,5.380402565002441,9.58787737083435,4.207474805831909
102900011016701,辣椒类,2023-07-01,3.63,6.99138,17.798367,64.60807056427002,124.43514390678406,59.82707334251405
102900011016909,茄类,2023-07-01,9.66,16.15152,1.4883184,14.377156162261963,24.038605103302004,9.66144894104004
102900011018095,食用菌,2023-07-01,3.73,6.24402,6.486402,24.194279589653014,40.50122403307915,16.306944443426133
102900011018132,水生根茎类,2023-07-01,14.71,29.42,1.8626589,27.399711805582047,54.799423611164094,27.399711805582047
102900011021644,花叶类,2023-07-01,6.13,10.92366,4.6169224,28.30173418045044,50.433690309562685,22.131956129112243
102900011021675,食用菌,2023-07-01,12.01,20.10474,1.4754406,17.720041862726212,29.663350078203678,11.943308215477467
102900011021699,食用菌,2023-07-01,14.71,24.62454,1.4284519,21.01252738595009,35.17497084408045,14.162443458130358
102900011021842,水生根茎类,2023-07-01,7.36,14.72,9.26205,68.16868560791016,136.33737121582033,68.16868560791016
102900011022030,辣椒类,2023-07-01,2.4,4.6224,3.718731,8.924954223632811,17.189461834716795,8.264507611083983
102900011022764,茄类,2023-07-01,7.0,11.704,6.6479707,46.535794734954834,77.80784879684448,31.27205406188965
102900011022849,花叶类,2023-07-01,0.6,1.0692,17.74876,10.649256134033203,18.976974430847168,8.327718296813964
102900011022924,花叶类,2023-07-01,1.4,2.4947999999999997,13.348896,18.688454437255857,33.30282580718994,14.614371369934078
102900011023075,食用菌,2023-07-01,3.0,5.022,2.3440564,7.0321691036224365,11.771851079463959,4.739681975841523
102900011023464,花叶类,2023-07-01,2.7,4.811400000000001,6.5513167,17.68855519294739,31.52100535383225,13.83245016088486
102900011023976,水生根茎类,2023-07-01,0.87,1.74,8.772203,7.631816997528076,15.263633995056152,7.631816997528076
102900011024010,水生根茎类,2023-07-01,14.71,29.42,3.7319813,54.89744459152222,109.79488918304445,54.89744459152222
102900011026502,花叶类,2023-07-01,12.66,22.56012,1.4491966,18.346828665733337,32.694048682336806,14.34722001660347
102900011026618,花叶类,2023-07-01,2.8,4.989599999999999,4.7176456,13.209407806396484,23.53916471099853,10.329756904602048
102900011026793,食用菌,2023-07-01,3.15,5.2730999999999995,3.096,9.752399861812592,16.325517368674276,6.573117506861685
102900011027462,花叶类,2023-07-01,5.51,9.81882,5.405706,29.78543966770172,53.07765348784447,23.29221382014275
102900011027479,辣椒类,2023-07-01,12.97,24.980220000000003,3.4168856,44.31700641870499,85.35455436242582,41.037547943720824
102900011027615,花叶类,2023-07-01,6.3,11.2266,2.249189,14.169890069961548,25.250744104671476,11.08085403470993
102900011028407,辣椒类,2023-07-01,3.0,5.7780000000000005,2.1860516,6.558154821395874,12.631006186008454,6.07285136461258
102900011029176,辣椒类,2023-07-01,0.89,1.7141400000000002,3.0175407,2.6856112170219424,5.172487203984261,2.486875986962319
102900011029275,辣椒类,2023-07-01,13.01,25.057260000000003,1.4911755,19.400193675756455,37.364773019506934,17.964579343750483
102900011029299,辣椒类,2023-07-01,13.95,26.8677,1.444954,20.157108825445174,38.8225915978074,18.665482772362232
102900011029305,辣椒类,2023-07-01,14.71,28.331460000000003,1.444954,21.255273894071582,40.93765751998187,19.682383625910287
102900011029688,花叶类,2023-07-01,3.4,6.0588,2.7259216,9.268133544921875,16.51581397705078,7.247680432128906
102900011030042,花叶类,2023-07-01,0.14,0.24948000000000004,23.436512,3.281111679077149,5.8469410121154795,2.5658293330383306
102900011030059,花叶类,2023-07-01,3.49,6.219180000000001,39.07174,136.36036979675293,242.99417897781373,106.63380918106081
102900011030097,花叶类,2023-07-01,2.84,5.06088,28.155804,79.96248245239258,142.49314373016358,62.530661277771
102900011030103,花叶类,2023-07-01,0.97,1.72854,10.109385,9.806103000640869,17.474475547142028,7.66837254650116
102900011030110,花叶类,2023-07-01,4.07,7.25274,14.434725,58.74932996749878,104.69130600208283,45.941976034584044
102900011030134,花叶类,2023-07-01,2.16,3.84912,6.6280084,14.316498069763185,25.511999560317992,11.19550149055481
102900011030141,花叶类,2023-07-01,2.01,3.5818199999999996,8.274238,16.631217641830442,29.63682983774185,13.005612195911405
102900011030158,花叶类,2023-07-01,1.07,1.90674,9.622753,10.296345863342285,18.348088328475953,8.051742465133668
102900011030400,花叶类,2023-07-01,14.71,26.213220000000003,3.9686604,58.37899381637573,104.03136698078157,45.65237316440583
102900011030417,花叶类,2023-07-01,14.71,26.213220000000003,1.6402937,24.12872058272362,42.99738007841349,18.868659495689872
102900011030561,食用菌,2023-07-01,12.42,20.791079999999997,1.64764,20.463688673973085,34.25621484023094,13.792526166257854
102900011030608,食用菌,2023-07-01,5.1,8.5374,2.3395176,11.931539726257324,19.97339750175476,8.041857775497437
102900011030615,食用菌,2023-07-01,10.37,17.359379999999998,1.7329724,17.970923616886136,30.08332613466739,12.112402517781256
102900011030622,食用菌,2023-07-01,14.56,24.37344,1.9556439,28.47417507171631,47.665769070053095,19.19159399833679
102900011030639,食用菌,2023-07-01,14.71,24.62454,1.7945287,26.397517511844637,44.18944431482792,17.791926802983284
102900011030905,花叶类,2023-07-01,3.16,5.63112,2.4069598,7.6059928798675545,13.55387931192398,5.947886432056427
102900011030912,食用菌,2023-07-01,2.59,4.33566,3.3216803,8.603151996135711,14.401676441531182,5.798524445395469
102900011030929,食用菌,2023-07-01,1.3,2.1762,4.823666,6.270765924453736,10.497262157535554,4.226496233081818
102900011031100,辣椒类,2023-07-01,2.11,4.06386,27.532074,58.092676086425776,111.88649414245606,53.793818056030275
102900011031216,花叶类,2023-07-01,5.12,9.12384,2.4302962,12.443116455078126,22.173633522949217,9.730517067871093
102900011031582,辣椒类,2023-07-01,0.92,1.7719200000000002,6.7543955,6.214043846130371,11.968248447647095,5.754204601516724
102900011031599,食用菌,2023-07-01,1.96,3.28104,3.8439598,7.534161224365234,12.612185889587403,5.078024665222168
102900011031735,辣椒类,2023-07-01,3.79,7.29954,2.9611504,11.222760045528412,21.61503584768772,10.392275802159311
102900011031742,辣椒类,2023-07-01,2.06,3.9675600000000006,2.979981,6.138760747909546,11.823253200473788,5.684492452564241
102900011031759,辣椒类,2023-07-01,3.48,6.70248,2.6330163,9.162896890640258,17.647739411373138,8.484842520732881
102900011031841,食用菌,2023-07-01,0.1,0.1674,4.5397897,0.453978967666626,0.7599607918739318,0.30598182420730585
102900011031858,食用菌,2023-07-01,0.1,0.1674,5.6434636,0.5643463611602784,0.9447158085823059,0.3803694474220275
102900011031926,食用菌,2023-07-01,2.6,4.3524,3.7270439,9.690314054489136,16.221585727214816,6.531271672725678
102900011031995,食用菌,2023-07-01,1.61,2.69514,9.562608,15.395798501968384,25.772566692295072,10.376768190326688
102900011032022,辣椒类,2023-07-01,2.1,4.044600000000001,13.424211,28.190842151641846,54.2955619840622,26.104719832420358
102900011032114,水生根茎类,2023-07-01,3.8,7.6,2.9405658,11.174150133132935,22.34830026626587,11.174150133132935
102900011032176,花叶类,2023-07-01,1.85,3.2967000000000004,2.9221766,5.406026709079742,9.633539595580102,4.227512886500359
102900011032206,辣椒类,2023-07-01,0.1,0.19260000000000002,3.7128892,0.37128891944885256,0.7151024588584901,0.3438135394096375
102900011032213,辣椒类,2023-07-01,3.23,6.220980000000001,3.3174748,10.715443739891052,20.63794464303017,9.922500903139117
102900011032220,辣椒类,2023-07-01,3.92,7.54992,4.5533166,17.84900104522705,34.3771760131073,16.52817496788025
102900011032237,辣椒类,2023-07-01,2.55,4.9113,3.3925188,8.6509228348732,16.66167737996578,8.010754545092583
102900011032244,辣椒类,2023-07-01,3.1,5.970600000000001,4.067609,12.609587383270265,24.28606530017853,11.676477916908269
102900011032251,辣椒类,2023-07-01,4.29,8.262540000000001,13.209139,56.667205753326414,109.1410382809067,52.47383252758028
102900011032282,花叶类,2023-07-01,2.5,4.455,6.6394477,16.59861922264099,29.57873945474625,12.980120232105255
102900011032343,辣椒类,2023-07-01,12.13,23.36238,1.8188396,22.06252374172211,42.49242072655678,20.429896984834674
102900011032350,辣椒类,2023-07-01,9.23,17.776980000000002,1.4463952,13.350227315425874,25.712537809510234,12.36231049408436
102900011032367,辣椒类,2023-07-01,11.51,22.16826,1.5466684,17.80215340256691,34.28694745334387,16.48479405077696
102900011032480,花叶类,2023-07-01,12.07,21.50874,1.4210488,17.15205853819847,30.564968315069674,13.412909776871203
102900011032589,花叶类,2023-07-01,4.1,7.3062,2.055408,8.427172803878783,15.017221936511993,6.590049132633209
102900011032619,食用菌,2023-07-01,11.18,18.71532,5.913773,66.11598280906676,110.67815522237777,44.562172413310996
102900011032626,食用菌,2023-07-01,7.35,12.303899999999999,1.4425914,10.603047001361846,17.74950068027973,7.146453678917884
102900011032633,食用菌,2023-07-01,7.14,11.952359999999999,1.8944126,13.526106226444243,22.642701823067664,9.11659559662342
102900011032640,食用菌,2023-07-01,8.88,14.865120000000001,1.4617205,12.980077743530275,21.72865014266968,8.748572399139405
102900011032732,水生根茎类,2023-07-01,13.69,27.38,1.850407,25.3320718896389,50.6641437792778,25.3320718896389
102900011032787,花叶类,2023-07-01,1.08,1.92456,17.612743,19.02176284790039,33.896781394958495,14.875018547058104
102900011032848,辣椒类,2023-07-01,2.33,4.48758,8.936833,20.8228217792511,40.10475474683762,19.28193296758652
102900011033081,花叶类,2023-07-01,4.96,8.83872,2.0102694,9.970936241149902,17.768208381729128,7.797272140579224
102900011033173,花叶类,2023-07-01,11.22,19.994040000000002,1.4127373,15.850911948680878,28.246325092549327,12.395413143868447
102900011033234,花叶类,2023-07-01,0.1,0.17820000000000003,24.443138,2.4443138122558596,4.355767213439942,1.9114534011840825
102900011033241,花叶类,2023-07-01,4.69,8.35758,5.8080516,27.23976193904877,48.541255775384904,21.301493836336135
102900011033531,花叶类,2023-07-01,11.99,21.36618,1.4286679,17.129728156328202,30.525175574576856,13.395447418248652
102900011033562,花叶类,2023-07-01,12.0,21.384,1.41532,16.983840465545654,30.265203709602357,13.281363244056703
102900011033586,花叶类,2023-07-01,12.0,21.384,1.7016331,20.419597148895264,36.38772211933136,15.968124970436097
102900011033906,花叶类,2023-07-01,0.3,0.5346,45.342342,13.602702713012695,24.240016234588623,10.637313521575926
102900011033913,花菜类,2023-07-01,8.58,13.61646,1.862557,15.9807395195961,25.361433617599012,9.38069409800291
102900011033920,花叶类,2023-07-01,5.54,9.87228,4.1189666,22.819074850082398,40.66359138284683,17.844516532764434
102900011033937,食用菌,2023-07-01,5.81,9.72594,2.3391426,13.590418279170988,22.750360199332235,9.159941920161247
102900011033944,食用菌,2023-07-01,8.14,13.62636,3.527331,28.712475266456607,48.064683596048354,19.35220832959175
102900011033968,食用菌,2023-07-01,12.61,21.109139999999996,1.465898,18.484974246025086,30.94384688784599,12.458872641820903
102900011033975,茄类,2023-07-01,0.12,0.20064,5.5987678,0.6718521308898926,1.1233367628479005,0.4514846319580079
102900011033982,茄类,2023-07-01,4.34,7.256480000000001,2.4187207,10.49724793434143,17.551398546218874,7.054150611877444
102900011033999,茄类,2023-07-01,6.18,10.33296,2.2755923,14.063160581588745,23.51360449241638,9.450443910827637
102900011034026,花菜类,2023-07-01,8.39,13.31493,8.2360735,69.10065661430359,109.6627420468998,40.562085432596206
102900011034200,花叶类,2023-07-01,1.59,2.83338,7.3675,11.714324727058411,20.874926663618087,9.160601936559676
102900011034217,花叶类,2023-07-01,5.74,10.22868,6.2644835,35.958135013580325,64.07739659420014,28.119261580619813
102900011034224,花叶类,2023-07-01,1.98,3.52836,8.736043,17.2973650932312,30.823904596138004,13.5265395029068
102900011034231,花叶类,2023-07-01,1.36,2.4235200000000003,24.370024,33.14323226928711,59.061239903869634,25.918007634582526
102900011034262,辣椒类,2023-07-01,0.1,0.19260000000000002,4.302908,0.4302907943725586,0.8287400699615479,0.39844927558898935
102900011034316,花叶类,2023-07-01,4.21,7.50222,10.730981,45.1774294757843,80.50617932584763,35.328749850063325
102900011034323,花叶类,2023-07-01,14.71,26.213220000000003,1.4491162,21.31649974346161,37.98600254284859,16.669502799386983
102900011034330,食用菌,2023-07-01,3.41,5.70834,11.5052185,39.23279510498047,65.6756990057373,26.442903900756832
102900011034354,花叶类,2023-07-01,3.27,5.82714,6.4402046,21.059469108581542,37.52797395149231,16.468504842910768
102900011034439,辣椒类,2023-07-01,3.32,6.3943200000000004,3.7275643,12.375513591766357,23.835239177742007,11.459725585975649
102900011034538,食用菌,2023-07-01,1.2,2.0088,2.7710235,3.325228214263916,5.566432030677795,2.2412038164138792
102900011034569,水生根茎类,2023-07-01,2.0,4.0,4.8598657,9.719731330871582,19.439462661743164,9.719731330871582
102900011034705,食用菌,2023-07-01,6.7,11.2158,2.6124976,17.503733706474303,29.301250224637986,11.79751651816368
102900011035078,辣椒类,2023-07-01,12.72,24.498720000000002,2.61422,33.25287717819214,64.04504144519807,30.792164267005926
102900011035481,花叶类,2023-07-01,3.58,6.379560000000001,6.054144,21.673835182189944,38.62277429466248,16.948939112472537
102900011035511,水生根茎类,2023-07-01,3.22,6.44,5.317663,17.122875480651857,34.24575096130371,17.122875480651857
102900011035740,食用菌,2023-07-01,3.12,5.22288,2.6863093,8.381285133361816,14.030271313247681,5.648986179885864
102900011035764,花叶类,2023-07-01,7.69,13.70358,2.1547933,16.570360188484194,29.52838185587883,12.958021667394638
102900011035771,花叶类,2023-07-01,7.58,13.50756,1.7450768,13.227681958675385,23.571729250359535,10.34404729168415
102900011035788,食用菌,2023-07-01,2.48,4.15152,10.603192,26.295916976928712,44.01936501937866,17.72344804244995
102900011035849,花叶类,2023-07-01,2.99,5.328180000000001,5.2553625,15.713533906936647,28.001517422161104,12.28798351522446
102900011035962,水生根茎类,2023-07-01,0.1,0.2,3.863345,0.386334490776062,0.772668981552124,0.386334490776062
102900011036068,食用菌,2023-07-01,2.85,4.7709,4.4487414,12.67891309261322,21.22450051703453,8.54558742442131
102900011036242,辣椒类,2023-07-01,3.88,7.47288,2.4515266,9.511923370361329,18.31996441131592,8.80804104095459
102900011036266,食用菌,2023-07-01,3.4,5.691599999999999,2.662547,9.052660179138183,15.154153139877318,6.101492960739134
102900011036686,花叶类,2023-07-01,1.53,2.72646,2.8603196,4.376289010047913,7.79854701590538,3.422258005857467
102900051000463,茄类,2023-07-01,3.2,5.3504000000000005,2.4317794,7.781694030761719,13.010992419433595,5.229298388671876
102900051000890,花叶类,2023-07-01,3.99,7.110180000000001,2.0422008,8.148381206989288,14.520415310854913,6.372034103865624
102900051000944,水生根茎类,2023-07-01,14.71,29.42,5.18396,76.25605102539063,152.51210205078127,76.25605102539063
102900051004294,辣椒类,2023-07-01,0.1,0.19260000000000002,15.7317095,1.5731709480285645,3.0299272459030155,1.4567562978744508
102900051006229,水生根茎类,2023-07-01,2.99,5.98,7.054573,21.093173446655275,42.18634689331055,21.093173446655275
102900051009220,花叶类,2023-07-01,7.28,12.97296,3.7498937,27.29922588348389,48.64722052436829,21.3479946408844
102900051009336,食用菌,2023-07-01,10.18,17.04132,1.493869,15.207585880756378,25.457498764386177,10.249912883629797
102900051010455,花叶类,2023-07-01,4.48,7.983360000000001,5.6066294,25.11769958496094,44.7597406604004,19.642041075439458
102900051010790,花叶类,2023-07-01,10.28,18.31896,1.4310014,14.710694646835327,26.214457860660552,11.503763213825227
106930274220092,食用菌,2023-07-01,2.53,4.235219999999999,3.3153086,8.387730684280395,14.04106116548538,5.653330481204984
106930274620090,食用菌,2023-07-01,2.58,4.31892,10.240853,26.421401538848876,44.22942617603302,17.808024637184147
106931885000035,食用菌,2023-07-01,4.0,6.696,2.4589918,9.835967063903809,16.465408864974975,6.629441801071167
106931885000356,食用菌,2023-07-01,8.12,13.592879999999997,1.6412227,13.326728448867797,22.30894342340469,8.982214974536893
106949711300068,食用菌,2023-07-01,1.99,3.33126,6.4360785,12.807796311378478,21.440251025247573,8.632454713869095
106949711300167,食用菌,2023-07-01,4.02,6.729479999999999,21.173779,85.11858970642089,142.48851916854855,57.36992946212767
106949711300259,食用菌,2023-07-01,1.45,2.4273,21.856663,31.692160987854002,53.052677493667595,21.360516505813596
106956146480197,食用菌,2023-07-01,1.0,1.674,5.686621,5.686621189117432,9.51940387058258,3.8327826814651487
106956146480203,食用菌,2023-07-01,2.1,3.5154,6.539817,13.733615398406982,22.99007217693329,9.256456778526307
106957634300010,食用菌,2023-07-01,3.9,6.5286,5.1344204,20.024239540100098,33.520576990127566,13.496337450027466
106957634300058,食用菌,2023-07-01,2.1,3.5154,5.0339375,10.571268653869629,17.69630372657776,7.12503507270813
106958851400125,食用菌,2023-07-01,2.39,4.00086,7.684686,18.36639997959137,30.745353565835956,12.378953586244585
106971533450003,食用菌,2023-07-01,1.95,3.2643,10.936533,21.32623929977417,35.70012458782196,14.373885288047791
106971533455008,食用菌,2023-07-01,1.9,3.1805999999999996,9.877989,18.768178749084473,31.417931225967404,12.649752476882933
106971563780002,花叶类,2023-07-01,3.0,5.346,4.1073694,12.322108268737793,21.957996934890748,9.635888666152955
106972776821582,花叶类,2023-07-01,3.38,6.02316,11.28083,38.12920669555664,67.94624633148193,29.817039635925294
106973223300667,食用菌,2023-07-01,5.0,8.37,3.038845,15.194225311279297,25.435133171081542,10.240907859802244
106973990980123,食用菌,2023-07-01,2.03,3.3982199999999994,6.7675357,13.738097443580626,22.997575120553964,9.25947767697334
102900005115168,花叶类,2023-07-02,2.2,3.9204000000000003,9.330621,20.527365684509277,36.57976564979553,16.052399965286256
102900005115199,花叶类,2023-07-02,14.71,26.213220000000003,3.686266,54.224972057342534,96.6289002061844,42.403928148841864
102900005115250,食用菌,2023-07-02,14.71,24.62454,6.766734,99.53865895271302,166.6277150868416,67.08905613412857
102900005115625,花叶类,2023-07-02,3.0,5.346,2.4809334,7.442800283432007,13.263070105075837,5.82026982164383
102900005115748,花叶类,2023-07-02,2.64,4.70448,9.653324,25.48477569580078,45.41387028991699,19.92909459411621
102900005115762,花叶类,2023-07-02,2.21,3.93822,10.905533,24.10122756958008,42.948387528991695,18.84715995941162
102900005115779,花叶类,2023-07-02,5.68,10.12176,5.33145,30.282635917663573,53.96365720527649,23.681021287612918
102900005115786,花叶类,2023-07-02,2.15,3.8312999999999997,15.69317,33.740314626693724,60.125240664768214,26.38492603807449
102900005115793,花叶类,2023-07-02,11.82,21.06324,3.124918,36.93653057098389,65.82089747749329,28.8843669065094
102900005115816,花叶类,2023-07-02,4.47,7.96554,6.4377437,28.77671417713165,51.28010466364861,22.503390486516953
102900005115823,花叶类,2023-07-02,4.09,7.28838,5.813162,23.775831966400144,42.36853256412506,18.592700597724917
102900005115854,花叶类,2023-07-02,2.29,4.08078,3.0870385,7.069318203926087,12.597525039396286,5.528206835470199
102900005115861,花叶类,2023-07-02,2.0,3.564,5.9684877,11.936975479125977,21.27169030380249,9.334714824676514
102900005115878,花叶类,2023-07-02,8.42,15.00444,8.648863,72.82342510223388,129.7713435321808,56.9479184299469
102900005115885,花叶类,2023-07-02,6.22,11.08404,4.0375075,25.113296861648557,44.75189500745773,19.638598145809173
102900005115908,花叶类,2023-07-02,4.62,8.23284,4.6909947,21.672395696640017,38.6202091314125,16.94781343477249
102900005115946,花叶类,2023-07-02,3.12,5.55984,8.292829,25.873625106811524,46.106799940338135,20.233174833526615
102900005115960,花叶类,2023-07-02,1.64,2.9224799999999997,13.097986,21.4806974029541,38.278602772064204,16.797905369110104
102900005115977,花叶类,2023-07-02,14.17,25.25094,1.6414124,23.258813387155534,41.44720545591116,18.188392068755626
102900005115984,花叶类,2023-07-02,2.66,4.74012,4.8333883,12.856812953948975,22.910840683937074,10.054027729988098
102900005116219,辣椒类,2023-07-02,11.28,21.72528,1.5090351,17.02191604614258,32.784210304870605,15.76229425872803
102900005116226,辣椒类,2023-07-02,5.13,9.88038,2.2572556,11.579720993041992,22.30254263259888,10.722821639556887
102900005116233,辣椒类,2023-07-02,9.31,17.931060000000002,1.8600816,17.31735926270485,33.35323393996954,16.035874677264694
102900005116257,茄类,2023-07-02,3.43,5.734960000000001,13.709585,47.023877201080325,78.6239226802063,31.60004547912599
102900005116509,茄类,2023-07-02,3.98,6.654560000000001,4.5682425,18.181605348587038,30.399644142837527,12.218038794250493
102900005116530,食用菌,2023-07-02,12.0,20.088,7.7165375,92.59844970703125,155.0098048095703,62.41135510253907
102900005116547,食用菌,2023-07-02,9.36,15.668639999999998,16.324677,152.79897216796874,255.78547940917966,102.98650724121092
102900005116639,花叶类,2023-07-02,7.22,12.86604,1.6271534,11.748047523498535,20.935020686874388,9.186973163375855
102900005116714,花菜类,2023-07-02,7.59,12.04533,17.467974,132.5819204521179,210.40750775751113,77.82558730539321
102900005116790,花叶类,2023-07-02,10.0,17.82,4.9913335,49.91333484649658,88.9455626964569,39.03222784996033
102900005116806,花叶类,2023-07-02,2.0,3.564,5.507473,11.014945983886719,19.628633743286134,8.613687759399415
102900005116837,食用菌,2023-07-02,7.4,12.3876,2.2275639,16.483972549438477,27.594170047760013,11.110197498321535
102900005116899,水生根茎类,2023-07-02,10.38,20.76,8.547697,88.72509555816652,177.45019111633303,88.72509555816652
102900005116905,辣椒类,2023-07-02,5.0,9.63,1.8847567,9.423783421516418,18.150206869840623,8.726423448324205
102900005116912,食用菌,2023-07-02,8.48,14.19552,1.625198,13.781679096221925,23.0705308070755,9.288851710853576
102900005116943,辣椒类,2023-07-02,9.13,17.584380000000003,1.467023,13.393920127153399,25.796690164897445,12.402770037744048
102900005117056,辣椒类,2023-07-02,10.0,19.26,18.87319,188.7318992614746,363.4976379776001,174.76573871612553
102900005117209,辣椒类,2023-07-02,14.71,28.331460000000003,1.4027694,20.634738556146623,39.7425064591384,19.107767902991775
102900005117353,食用菌,2023-07-02,1.0,1.674,5.05159,5.0515899658203125,8.456361602783202,3.40477163696289
102900005118572,花叶类,2023-07-02,1.6,2.8512000000000004,5.93689,9.499024200439454,16.927261125183108,7.428236924743654
102900005118817,花叶类,2023-07-02,9.66,17.21412,4.6060205,44.494157552719116,79.28858875894547,34.794431206226356
102900005118824,水生根茎类,2023-07-02,11.67,23.34,4.2745566,49.884075951576236,99.76815190315247,49.884075951576236
102900005118831,花叶类,2023-07-02,4.4,7.840800000000001,12.777321,56.22021179199219,100.18441741333008,43.964205621337896
102900005119098,食用菌,2023-07-02,14.36,24.038639999999997,1.9540384,28.059991159439086,46.97242520090103,18.91243404146194
102900005119104,食用菌,2023-07-02,2.5,4.185,3.910462,9.77615475654602,16.365283062458037,6.589128305912016
102900005119944,食用菌,2023-07-02,10.83,18.12942,2.5402136,27.51051312446594,46.05259897035599,18.542085845890043
102900005119968,辣椒类,2023-07-02,8.0,15.408000000000001,1.4253107,11.402485847473145,21.961187742233278,10.558701894760134
102900005119975,花叶类,2023-07-02,2.6,4.6332,7.3038955,18.990128231048583,33.84040850772858,14.850280276679996
102900005122654,花叶类,2023-07-02,4.2,7.484400000000001,5.5340033,23.242813682556154,41.41869398231507,18.175880299758916
102900005123880,辣椒类,2023-07-02,8.44,16.25544,1.8348659,15.486268429756164,29.826552995710372,14.34028456595421
102900005125808,辣椒类,2023-07-02,14.71,28.331460000000003,4.4538455,65.51606731891633,126.18394565623285,60.66787833731652
102900005125815,食用菌,2023-07-02,5.81,9.72594,2.2090812,12.834761614799499,21.485390943174362,8.650629328374862
102900005128748,花叶类,2023-07-02,14.71,26.213220000000003,1.4389958,21.167628779411316,37.72071448491097,16.55308570549965
102900011000175,花叶类,2023-07-02,5.43,9.67626,11.71656,63.62092277526855,113.37248438552855,49.751561610260005
102900011000328,辣椒类,2023-07-02,8.97,17.276220000000002,8.122137,72.85556951522828,140.31982688632968,67.4642573711014
102900011000335,茄类,2023-07-02,1.0,1.6720000000000002,6.230164,6.230164051055908,10.41683429336548,4.186670242309571
102900011000571,花叶类,2023-07-02,5.8,10.3356,4.041743,23.442108249664305,41.77383690090179,18.331728651237487
102900011000632,花菜类,2023-07-02,9.51,15.092369999999999,1.6470641,15.663579493761063,24.858100656598804,9.194521162837743
102900011000861,辣椒类,2023-07-02,12.0,23.112000000000002,1.4351064,17.22127676010132,33.16817903995514,15.946902279853823
102900011001219,辣椒类,2023-07-02,10.4,20.030400000000004,1.4050819,14.612851428985596,28.14435185222626,13.531500423240667
102900011001561,水生根茎类,2023-07-02,1.33,2.66,6.6430335,8.835234560966493,17.670469121932985,8.835234560966493
102900011001691,水生根茎类,2023-07-02,9.16,18.32,2.794402,25.596721258163452,51.193442516326904,25.596721258163452
102900011001806,食用菌,2023-07-02,5.69,9.52506,4.0228357,22.88993531227112,38.31775171274185,15.427816400470732
102900011001813,食用菌,2023-07-02,1.73,2.89602,6.9867373,12.087055444717407,20.23373081445694,8.146675369739533
102900011002414,花叶类,2023-07-02,13.71,24.431220000000003,1.4540119,19.934503383636475,35.5232850296402,15.588781646003726
102900011006689,花叶类,2023-07-02,3.61,6.43302,7.7049046,27.814705448150633,49.56580510860443,21.751099660453797
102900011006948,花叶类,2023-07-02,9.19,16.37658,3.311375,30.43153535604477,54.22899600447178,23.797460648427013
102900011006955,花叶类,2023-07-02,10.0,17.82,2.156172,21.561720371246338,38.422985701560975,16.861265330314637
102900011007044,食用菌,2023-07-02,3.18,5.32332,2.7712584,8.812601566314697,14.752295022010802,5.939693455696105
102900011007464,花叶类,2023-07-02,6.13,10.92366,1.5704405,9.626800453662872,17.154958408427238,7.528157954764366
102900011007471,花叶类,2023-07-02,11.18,19.92276,1.4264994,15.948262920379639,28.419804524116515,12.471541603736878
102900011007495,花叶类,2023-07-02,10.06,17.926920000000003,1.4442086,14.528738737106323,25.890212429523473,11.361473692417148
102900011007969,水生根茎类,2023-07-02,5.29,10.58,2.1663826,11.460163695812225,22.92032739162445,11.460163695812225
102900011008133,花叶类,2023-07-02,14.71,26.213220000000003,1.4540119,21.388515300750733,38.11433426593781,16.725818965187077
102900011008164,花叶类,2023-07-02,2.56,4.56192,10.015186,25.638876953125,45.688478730468745,20.049601777343746
102900011008485,花叶类,2023-07-02,8.09,14.41638,4.8096166,38.90979801654816,69.33726006548882,30.42746204894066
102900011008492,花叶类,2023-07-02,4.31,7.68042,5.716582,24.63846765041351,43.90574935303688,19.267281702623368
102900011008515,花叶类,2023-07-02,5.09,9.07038,1.90374,9.690036846399307,17.267645660283566,7.577608813884258
102900011008522,花叶类,2023-07-02,3.15,5.6133,7.702995,24.264433693885803,43.2392208425045,18.974787148618695
102900011008577,食用菌,2023-07-02,4.17,6.98058,2.439464,10.172565264701843,17.028874253110885,6.856308988409042
102900011008676,花叶类,2023-07-02,11.17,19.90494,1.7072864,19.070388617515565,33.98343251641273,14.91304389889717
102900011009246,食用菌,2023-07-02,7.38,12.35412,1.4632524,10.798802897930145,18.077196051135065,7.278393153204918
102900011009277,水生根茎类,2023-07-02,2.71,5.42,8.025198,21.748286533355714,43.49657306671143,21.748286533355714
102900011009444,茄类,2023-07-02,5.01,8.37672,4.422043,22.154434661865235,37.04221475463867,14.887780092773442
102900011009772,辣椒类,2023-07-02,14.71,28.331460000000003,1.5154027,22.29157334446907,42.933570261447436,20.641996916978364
102900011009970,花菜类,2023-07-02,7.13,11.31531,8.153173,58.1321266746521,92.25568503267289,34.12355835802079
102900011010563,食用菌,2023-07-02,14.71,24.62454,1.4488617,21.31275587439537,35.67755333373785,14.364797459342478
102900011010891,水生根茎类,2023-07-02,9.11,18.22,3.6667984,33.404532997608186,66.80906599521637,33.404532997608186
102900011011058,食用菌,2023-07-02,14.71,24.62454,1.5551606,22.87641303896904,38.29511542723417,15.418702388265132
102900011011546,食用菌,2023-07-02,1.0,1.674,4.7707443,4.770744323730469,7.986225997924804,3.2154816741943355
102900011011669,食用菌,2023-07-02,6.37,10.66338,1.738611,11.074951961040497,18.53946958278179,7.464517621741295
102900011012482,食用菌,2023-07-02,6.04,10.11096,2.339553,14.130900831222535,23.65512799146652,9.524227160243989
102900011012871,食用菌,2023-07-02,14.71,24.62454,1.4415268,21.204858795404437,35.496933623507026,14.292074828102587
102900011012994,食用菌,2023-07-02,4.18,6.997319999999999,9.122667,38.13274936676025,63.83422243995666,25.701473073196407
102900011013274,食用菌,2023-07-02,3.29,5.50746,2.4113655,7.933392524719238,13.280499086380004,5.347106561660767
102900011015384,花叶类,2023-07-02,14.71,26.213220000000003,1.5730287,23.139251936674118,41.234146951153285,18.094895014479164
102900011015391,花叶类,2023-07-02,2.0,3.564,3.5701451,7.140290260314941,12.723997243881225,5.583706983566285
102900011016701,辣椒类,2023-07-02,3.63,6.99138,17.420204,63.23534111022949,121.791266978302,58.55592586807252
102900011016909,茄类,2023-07-02,9.66,16.15152,1.5015256,14.504737687110902,24.251921412849427,9.747183725738527
102900011018095,食用菌,2023-07-02,3.73,6.24402,6.871923,25.632272677421568,42.90842446200371,17.276151784582137
102900011018132,水生根茎类,2023-07-02,14.71,29.42,2.0061285,29.510150964260102,59.020301928520205,29.510150964260102
102900011021644,花叶类,2023-07-02,6.13,10.92366,4.4391828,27.21219030857086,48.49212312987328,21.279932821302413
102900011021675,食用菌,2023-07-02,12.01,20.10474,1.5638217,18.781498297452927,31.4402281499362,12.658729852483273
102900011021699,食用菌,2023-07-02,14.71,24.62454,1.4886478,21.898009411096574,36.65726775417566,14.759258343079088
102900011021842,水生根茎类,2023-07-02,7.36,14.72,8.948292,65.85942749023438,131.71885498046876,65.85942749023438
102900011022030,辣椒类,2023-07-02,2.4,4.6224,3.8691943,9.286066246032714,17.88496358985901,8.598897343826295
102900011022764,茄类,2023-07-02,7.0,11.704,6.199596,43.39717149734497,72.5600707435608,29.162899246215826
102900011022849,花叶类,2023-07-02,0.6,1.0692,22.824928,13.694956970214843,24.40441332092285,10.709456350708006
102900011022924,花叶类,2023-07-02,1.4,2.4947999999999997,13.667201,19.134081459045408,34.096933160018914,14.962851700973507
102900011023075,食用菌,2023-07-02,3.0,5.022,2.749828,8.249484300613403,13.809636719226837,5.560152418613434
102900011023464,花叶类,2023-07-02,2.7,4.811400000000001,7.100545,19.171471309661868,34.16356187381745,14.992090564155584
102900011023976,水生根茎类,2023-07-02,0.87,1.74,7.240542,6.299271483421325,12.59854296684265,6.299271483421325
102900011024010,水生根茎类,2023-07-02,14.71,29.42,3.2607725,47.965962984561926,95.93192596912385,47.965962984561926
102900011026502,花叶类,2023-07-02,12.66,22.56012,1.5141982,19.169749009609223,34.16049273512364,14.990743725514413
102900011026618,花叶类,2023-07-02,2.8,4.989599999999999,4.775606,13.37169723510742,23.82836447296142,10.456667237854
102900011026793,食用菌,2023-07-02,3.15,5.2730999999999995,3.4976513,11.017601716518401,18.443465273451803,7.425863556933401
102900011027462,花叶类,2023-07-02,5.51,9.81882,6.1184635,33.71273397445679,60.076091942481995,26.363357968025213
102900011027479,辣椒类,2023-07-02,12.97,24.980220000000003,3.8231313,49.58601325750351,95.50266153395177,45.91664827644826
102900011027615,花叶类,2023-07-02,6.3,11.2266,2.6538558,16.71929154396057,29.793777531337735,13.074485987377166
102900011028407,辣椒类,2023-07-02,3.0,5.7780000000000005,2.4565234,7.369570255279541,14.193792311668398,6.824222056388856
102900011029176,辣椒类,2023-07-02,0.89,1.7141400000000002,3.7937489,3.3764364814758303,6.50301666332245,3.1265801818466192
102900011029275,辣椒类,2023-07-02,13.01,25.057260000000003,1.6626403,21.630950734615325,41.661211114869126,20.030260380253797
102900011029299,辣椒类,2023-07-02,13.95,26.8677,1.4731696,20.55071543455124,39.58067792694568,19.029962492394446
102900011029305,辣椒类,2023-07-02,14.71,28.331460000000003,1.467431,21.585909262895587,41.5744612403369,19.988551977441315
102900011029688,花叶类,2023-07-02,3.4,6.0588,3.1984284,10.874656534194946,19.378637943935395,8.503981409740447
102900011030042,花叶类,2023-07-02,0.14,0.24948000000000004,25.160036,3.522405052185059,6.276925802993775,2.7545207508087164
102900011030059,花叶类,2023-07-02,3.49,6.219180000000001,33.568096,117.15265560150148,208.76603228187562,91.61337668037416
102900011030097,花叶类,2023-07-02,2.84,5.06088,26.80973,76.13963470458984,135.6808290435791,59.541194338989264
102900011030103,花叶类,2023-07-02,0.97,1.72854,11.592464,11.24469051361084,20.038038495254515,8.793347981643677
102900011030110,花叶类,2023-07-02,4.07,7.25274,14.263812,58.05371510505677,103.45172031721116,45.39800521215439
102900011030134,花叶类,2023-07-02,2.16,3.84912,7.863235,16.984587593078615,30.26653509086609,13.281947497787476
102900011030141,花叶类,2023-07-02,2.01,3.5818199999999996,8.959594,18.008783483505248,32.09165216760635,14.082868684101102
102900011030158,花叶类,2023-07-02,1.07,1.90674,9.034356,9.666761045455933,17.22616818300247,7.55940713754654
102900011030400,花叶类,2023-07-02,14.71,26.213220000000003,4.6388226,68.23707979202271,121.59847618938447,53.361396397361766
102900011030417,花叶类,2023-07-02,14.71,26.213220000000003,1.7204133,25.307280043363573,45.09757303727389,19.790292993910317
102900011030561,食用菌,2023-07-02,12.42,20.791079999999997,1.6929289,21.026177065372465,35.197820407433504,14.171643342061039
102900011030608,食用菌,2023-07-02,5.1,8.5374,2.9117444,14.849896216392516,24.858726266241074,10.008830049848557
102900011030615,食用菌,2023-07-02,10.37,17.359379999999998,1.7744644,18.401195504665374,30.803601274809832,12.40240577014446
102900011030622,食用菌,2023-07-02,14.56,24.37344,2.1418748,31.18569694519043,52.204856686248775,21.019159741058346
102900011030639,食用菌,2023-07-02,14.71,24.62454,1.9825312,29.163033803701403,48.81891858739614,19.65588478369474
102900011030905,花叶类,2023-07-02,3.16,5.63112,2.516664,7.95265832901001,14.171637142295838,6.218978813285828
102900011030912,食用菌,2023-07-02,2.59,4.33566,3.5262299,9.132935333251952,15.288533747863768,6.155598414611816
102900011030929,食用菌,2023-07-02,1.3,2.1762,5.091077,6.618399906158447,11.079201442909241,4.460801536750794
102900011031100,辣椒类,2023-07-02,2.11,4.06386,27.964066,59.00417831420898,113.64204743316651,54.637869118957525
102900011031216,花叶类,2023-07-02,5.12,9.12384,2.3040476,11.7967236328125,21.021761513671873,9.225037880859373
102900011031582,辣椒类,2023-07-02,0.92,1.7719200000000002,8.982607,8.263998336791992,15.916460796661378,7.652462459869386
102900011031599,食用菌,2023-07-02,1.96,3.28104,4.4160066,8.655372867584228,14.489094180335998,5.83372131275177
102900011031735,辣椒类,2023-07-02,3.79,7.29954,3.3405395,12.660644536018372,24.384401376371386,11.723756840353014
102900011031742,辣椒类,2023-07-02,2.06,3.9675600000000006,3.4402268,7.086867194175721,13.64930621598244,6.562439021806719
102900011031759,辣椒类,2023-07-02,3.48,6.70248,2.731607,9.505992221832276,18.308541019248963,8.802548797416689
102900011031841,食用菌,2023-07-02,0.1,0.1674,8.988228,0.8988227844238281,1.5046293411254883,0.6058065567016601
102900011031858,食用菌,2023-07-02,0.1,0.1674,10.617856,1.0617856025695802,1.777429098701477,0.7156434961318968
102900011031926,食用菌,2023-07-02,2.6,4.3524,3.9180243,10.18686318397522,17.052808969974517,6.8659457859992985
102900011031995,食用菌,2023-07-02,1.61,2.69514,10.313582,16.604867696762085,27.79654852437973,11.191680827617644
102900011032022,辣椒类,2023-07-02,2.1,4.044600000000001,12.687707,26.644184589385986,51.31669951915742,24.672514929771435
102900011032114,水生根茎类,2023-07-02,3.8,7.6,3.2725992,12.43587703704834,24.87175407409668,12.43587703704834
102900011032176,花叶类,2023-07-02,1.85,3.2967000000000004,3.1293938,5.7893785595893865,10.316672593188287,4.527294033598901
102900011032206,辣椒类,2023-07-02,0.1,0.19260000000000002,7.2226334,0.7222633361816406,1.39107918548584,0.6688158493041994
102900011032213,辣椒类,2023-07-02,3.23,6.220980000000001,3.5809665,11.566521706581115,22.27712080687523,10.710599100294116
102900011032220,辣椒类,2023-07-02,3.92,7.54992,4.9217353,19.293202323913572,37.15870767585754,17.86550535194397
102900011032237,辣椒类,2023-07-02,2.55,4.9113,3.6034758,9.18886331319809,17.69775074121952,8.508887428021431
102900011032244,辣椒类,2023-07-02,3.1,5.970600000000001,4.2060995,13.0389084815979,25.112937735557562,12.07402925395966
102900011032251,辣椒类,2023-07-02,4.29,8.262540000000001,13.21417,56.68879125595093,109.1826119589615,52.49382070301058
102900011032282,花叶类,2023-07-02,2.5,4.455,8.469468,21.173670291900635,37.731480460166935,16.557810168266297
102900011032343,辣椒类,2023-07-02,12.13,23.36238,1.8214111,22.093717041015626,42.552499020996095,20.458781979980472
102900011032350,辣椒类,2023-07-02,9.23,17.776980000000002,1.5095955,13.933566588163377,26.836049248802663,12.902482660639288
102900011032367,辣椒类,2023-07-02,11.51,22.16826,1.6173514,18.615714761018754,35.85386662972212,17.238151868703365
102900011032480,花叶类,2023-07-02,12.07,21.50874,1.4473073,17.46899969339371,31.129757453627587,13.660757760233878
102900011032589,花叶类,2023-07-02,4.1,7.3062,2.2597284,9.264886569976806,16.510027867698668,7.2451412977218625
102900011032619,食用菌,2023-07-02,11.18,18.71532,6.168346,68.96210747718811,115.44256791681289,46.48046043962478
102900011032626,食用菌,2023-07-02,7.35,12.303899999999999,1.4708147,10.810488080978393,18.09675704755783,7.286268966579436
102900011032633,食用菌,2023-07-02,7.14,11.952359999999999,2.0114686,14.36188615322113,24.04179742049217,9.67991126727104
102900011032640,食用菌,2023-07-02,8.88,14.865120000000001,1.507041,13.382523880004884,22.402344975128177,9.019821095123291
102900011032732,水生根茎类,2023-07-02,13.69,27.38,1.9271075,26.382101036310196,52.76420207262039,26.382101036310196
102900011032787,花叶类,2023-07-02,1.08,1.92456,19.061012,20.58589324951172,36.68406177062988,16.098168521118165
102900011032848,辣椒类,2023-07-02,2.33,4.48758,8.853565,20.628806953430175,39.73108219230652,19.102275238876345
102900011033081,花叶类,2023-07-02,4.96,8.83872,2.19849,10.904509925842286,19.431836687850954,8.527326762008668
102900011033173,花叶类,2023-07-02,11.22,19.994040000000002,1.4540119,16.314013710021975,29.071572431259156,12.757558721237185
102900011033234,花叶类,2023-07-02,0.1,0.17820000000000003,27.920015,2.792001533508301,4.975346732711793,2.1833451992034916
102900011033241,花叶类,2023-07-02,4.69,8.35758,7.1788526,33.66881849765778,59.99783456282616,26.329016065168382
102900011033531,花叶类,2023-07-02,11.99,21.36618,1.6215136,19.441948125362398,34.64555155939579,15.203603434033393
102900011033562,花叶类,2023-07-02,12.0,21.384,1.5312858,18.375429153442383,32.745014751434326,14.369585597991945
102900011033586,花叶类,2023-07-02,12.0,21.384,1.9460702,23.352842330932617,41.61476503372192,18.261922702789306
102900011033906,花叶类,2023-07-02,0.3,0.5346,46.754795,14.026438522338866,24.99511344680786,10.968674924468994
102900011033913,花菜类,2023-07-02,8.58,13.61646,1.9995944,17.156520380973816,27.227397844605445,10.07087746363163
102900011033920,花叶类,2023-07-02,5.54,9.87228,4.984852,27.616079177856445,49.21185309494019,21.59577391708374
102900011033937,食用菌,2023-07-02,5.81,9.72594,2.4960406,14.501995785236357,24.276340944485664,9.774345159249306
102900011033944,食用菌,2023-07-02,8.14,13.62636,3.8681412,31.48666915893555,52.708684172058106,21.222015013122558
102900011033968,食用菌,2023-07-02,12.61,21.109139999999996,1.4601594,18.412610298395155,30.822709639513487,12.41009934111833
102900011033975,茄类,2023-07-02,0.12,0.20064,10.943251,1.3131900787353514,2.1956538116455078,0.8824637329101565
102900011033982,茄类,2023-07-02,4.34,7.256480000000001,2.7016878,11.725325107574463,19.604743579864504,7.879418472290041
102900011033999,茄类,2023-07-02,6.18,10.33296,2.6524363,16.39205606460571,27.40751774002075,11.01546167541504
102900011034026,花菜类,2023-07-02,8.39,13.31493,7.53873,63.24994591236115,100.37766416291714,37.12771825055599
102900011034200,花叶类,2023-07-02,1.59,2.83338,7.50681,11.935828199386597,21.269645851306915,9.333817651920318
102900011034217,花叶类,2023-07-02,5.74,10.22868,5.8250504,33.435789031982424,59.58257605499268,26.146787023010255
102900011034224,花叶类,2023-07-02,1.98,3.52836,9.470861,18.752305641174317,33.416608652572634,14.664303011398317
102900011034231,花叶类,2023-07-02,1.36,2.4235200000000003,25.86725,35.179460601806646,62.689798792419445,27.5103381906128
102900011034262,辣椒类,2023-07-02,0.1,0.19260000000000002,7.602287,0.7602286815643311,1.4642004406929017,0.7039717591285707
102900011034316,花叶类,2023-07-02,4.21,7.50222,11.868189,49.96507509231567,89.03776381450653,39.07268872219086
102900011034323,花叶类,2023-07-02,14.71,26.213220000000003,1.4623233,21.51077586054802,38.332202583496574,16.821426722948555
102900011034330,食用菌,2023-07-02,3.41,5.70834,11.918766,40.64299213409424,68.03636883247376,27.393376698379512
102900011034354,花叶类,2023-07-02,3.27,5.82714,7.623985,24.930430340766907,44.42602686724663,19.49559652647972
102900011034439,辣椒类,2023-07-02,3.32,6.3943200000000004,3.9860923,13.23382653236389,25.488349901332857,12.254523368968966
102900011034538,食用菌,2023-07-02,1.2,2.0088,3.2531388,3.9037665367126464,6.53490518245697,2.6311386457443238
102900011034569,水生根茎类,2023-07-02,2.0,4.0,5.166278,10.332555770874023,20.665111541748047,10.332555770874023
102900011034705,食用菌,2023-07-02,6.7,11.2158,2.9869983,20.012888741493224,33.50157575325966,13.488687011766432
102900011035078,辣椒类,2023-07-02,12.72,24.498720000000002,2.523492,32.098819484710695,61.8223263275528,29.723506842842106
102900011035481,花叶类,2023-07-02,3.58,6.379560000000001,6.602865,23.638257484436036,42.12337483726502,18.485117352828983
102900011035511,水生根茎类,2023-07-02,3.22,6.44,5.554674,17.88605075836182,35.77210151672364,17.88605075836182
102900011035740,食用菌,2023-07-02,3.12,5.22288,3.062713,9.55566427230835,15.996181991844177,6.440517719535827
102900011035764,花叶类,2023-07-02,7.69,13.70358,2.5715725,19.775392849445343,35.2397500577116,15.464357208266259
102900011035771,花叶类,2023-07-02,7.58,13.50756,1.7630504,13.363922312259675,23.814509560446737,10.450587248187064
102900011035788,食用菌,2023-07-02,2.48,4.15152,13.241816,32.83970260620117,54.973662162780755,22.133959556579587
102900011035849,花叶类,2023-07-02,2.99,5.328180000000001,6.2139835,18.57981077194214,33.10922279560089,14.529412023658756
102900011035962,水生根茎类,2023-07-02,0.1,0.2,6.1478214,0.6147821426391602,1.2295642852783204,0.6147821426391602
102900011036068,食用菌,2023-07-02,2.85,4.7709,5.2460093,14.951126646995545,25.02818600707054,10.077059360074998
102900011036242,辣椒类,2023-07-02,3.88,7.47288,2.6318963,10.21175747871399,19.667844904003143,9.456087425289153
102900011036266,食用菌,2023-07-02,3.4,5.691599999999999,3.062713,10.413223886489869,17.431736785984036,7.018512899494169
102900011036686,花叶类,2023-07-02,1.53,2.72646,3.0433295,4.656294100284576,8.297516086707114,3.641221986422538
102900051000463,茄类,2023-07-02,3.2,5.3504000000000005,2.6084921,8.34717483520508,13.956476324462892,5.609301489257813
102900051000890,花叶类,2023-07-02,3.99,7.110180000000001,2.464776,9.834456396102906,17.52500129785538,7.690544901752473
102900051000944,水生根茎类,2023-07-02,14.71,29.42,5.8201528,85.61444709300996,171.22889418601991,85.61444709300996
102900051004294,辣椒类,2023-07-02,0.1,0.19260000000000002,23.98652,2.3986520767211914,4.6198038997650155,2.2211518230438236
102900051006229,水生根茎类,2023-07-02,2.99,5.98,7.8389077,23.43833407878876,46.87666815757752,23.43833407878876
102900051009220,花叶类,2023-07-02,7.28,12.97296,4.15653,30.25953769683838,53.92249617576599,23.662958478927614
102900051009336,食用菌,2023-07-02,10.18,17.04132,1.599883,16.286808536052703,27.264117489352223,10.977308953299522
102900051010455,花叶类,2023-07-02,4.48,7.983360000000001,6.596326,29.55153991699219,52.660844132080086,23.109304215087896
102900051010790,花叶类,2023-07-02,10.28,18.31896,1.4592247,15.000829925537108,26.73147892730713,11.730649001770022
106930274220092,食用菌,2023-07-02,2.53,4.235219999999999,3.8777406,9.810683772563934,16.423084635272023,6.612400862708089
106930274620090,食用菌,2023-07-02,2.58,4.31892,11.078126,28.58156496047974,47.845539743843084,19.263974783363345
106931885000035,食用菌,2023-07-02,4.0,6.696,2.6783535,10.713414192199707,17.93425535774231,7.220841165542602
106931885000356,食用菌,2023-07-02,8.12,13.592879999999997,1.7213422,13.977298712730406,23.397998045110697,9.420699332380291
106949711300068,食用菌,2023-07-02,1.99,3.33126,7.413459,14.752783060073853,24.69615884256363,9.943375782489776
106949711300167,食用菌,2023-07-02,4.02,6.729479999999999,21.900932,88.0417478942871,147.3818859750366,59.3401380807495
106949711300259,食用菌,2023-07-02,1.45,2.4273,21.868477,31.709291458129883,53.08135390090942,21.372062442779537
106956146480197,食用菌,2023-07-02,1.0,1.674,6.4720397,6.472039699554443,10.834194457054137,4.362154757499694
106956146480203,食用菌,2023-07-02,2.1,3.5154,6.447199,13.539117622375489,22.66448289985657,9.125365277481079
106957634300010,食用菌,2023-07-02,3.9,6.5286,6.211753,24.225836277008057,40.55404992771149,16.32821365070343
106957634300058,食用菌,2023-07-02,2.1,3.5154,5.603895,11.768179893493652,19.699933141708375,7.931753248214721
106958851400125,食用菌,2023-07-02,2.39,4.00086,8.181144,19.552933588027955,32.731610826358796,13.178677238330842
106971533450003,食用菌,2023-07-02,1.95,3.2643,11.732384,22.87814826965332,38.29802020339966,15.419871933746338
106971533455008,食用菌,2023-07-02,1.9,3.1805999999999996,11.660007,22.154014205932615,37.0858197807312,14.931805574798581
106971563780002,花叶类,2023-07-02,3.0,5.346,4.8253655,14.476096630096436,25.796404194831847,11.320307564735414
106972776821582,花叶类,2023-07-02,3.38,6.02316,10.700503,36.16770132064819,64.45084375339508,28.283142432746885
106973223300667,食用菌,2023-07-02,5.0,8.37,4.107047,20.53523540496826,34.37598406791687,13.840748662948606
106973990980123,食用菌,2023-07-02,2.03,3.3982199999999994,8.057481,16.35668604850769,27.38109244520187,11.02440639669418
102900005115168,花叶类,2023-07-03,2.2,3.9204000000000003,8.117379,17.858234214782716,31.8233733707428,13.965139155960085
102900005115199,花叶类,2023-07-03,14.71,26.213220000000003,3.1363783,46.13612462043763,82.21457407361986,36.07844945318223
102900005115250,食用菌,2023-07-03,14.71,24.62454,5.375748,79.07725539684296,132.3753255343151,53.298070137472145
102900005115625,花叶类,2023-07-03,3.0,5.346,2.273126,6.819377660751343,12.152130991458893,5.3327533307075505
102900005115748,花叶类,2023-07-03,2.64,4.70448,8.799266,23.230061874389648,41.39597026016236,18.165908385772706
102900005115762,花叶类,2023-07-03,2.21,3.93822,9.580538,21.172988529205323,37.730265559043886,16.55727702983856
102900005115779,花叶类,2023-07-03,5.68,10.12176,4.3872437,24.91954448699951,44.40662827583313,19.48708378883362
102900005115786,花叶类,2023-07-03,2.15,3.8312999999999997,13.580315,29.197676467895505,52.03025946578979,22.832582997894285
102900005115793,花叶类,2023-07-03,11.82,21.06324,2.8430872,33.60529066085815,59.88462795764923,26.279337296791077
102900005115816,花叶类,2023-07-03,4.47,7.96554,5.6988206,25.47372804164886,45.39418337021828,19.920455328569414
102900005115823,花叶类,2023-07-03,4.09,7.28838,4.827489,19.744429597854612,35.18457354337692,15.44014394552231
102900005115854,花叶类,2023-07-03,2.29,4.08078,3.2196636,7.373029689788819,13.138738907203674,5.765709217414855
102900005115861,花叶类,2023-07-03,2.0,3.564,4.763322,9.526643753051758,16.976479167938233,7.449835414886475
102900005115878,花叶类,2023-07-03,8.42,15.00444,7.291911,61.397891674041745,109.4110429631424,48.013151289100655
102900005115885,花叶类,2023-07-03,6.22,11.08404,3.195669,19.877060780525206,35.42092231089592,15.543861530370712
102900005115908,花叶类,2023-07-03,4.62,8.23284,3.6126645,16.690509810447693,29.742488482217787,13.051978671770094
102900005115946,花叶类,2023-07-03,3.12,5.55984,7.1028385,22.1608561706543,39.49064569610596,17.329789525451663
102900005115960,花叶类,2023-07-03,1.64,2.9224799999999997,10.824791,17.752657165527342,31.635235068969724,13.882577903442382
102900005115977,花叶类,2023-07-03,14.17,25.25094,1.4757408,20.911246999502183,37.26384215311289,16.352595153610707
102900005115984,花叶类,2023-07-03,2.66,4.74012,3.7373693,9.941402335166933,17.71557896126747,7.77417662610054
102900005116219,辣椒类,2023-07-03,11.28,21.72528,1.3053173,14.723978948593139,28.35838345499039,13.63440450639725
102900005116226,辣椒类,2023-07-03,5.13,9.88038,2.2847137,11.720581512451172,22.573839992980957,10.853258480529787
102900005116233,辣椒类,2023-07-03,9.31,17.931060000000002,1.442113,13.426072419881821,25.85861548069239,12.432543060810568
102900005116257,茄类,2023-07-03,3.43,5.734960000000001,11.105974,38.0934914970398,63.69231778305055,25.598826286010752
102900005116509,茄类,2023-07-03,3.98,6.654560000000001,3.463607,13.785156149864196,23.04878108257294,9.263624932708744
102900005116530,食用菌,2023-07-03,12.0,20.088,6.327423,75.9290771484375,127.10527514648439,51.17619799804688
102900005116547,食用菌,2023-07-03,9.36,15.668639999999998,11.458013,107.246997756958,179.53147424514768,72.28447648818968
102900005116639,花叶类,2023-07-03,7.22,12.86604,1.4206417,10.25703279018402,18.278032432107924,8.020999641923904
102900005116714,花菜类,2023-07-03,7.59,12.04533,15.012731,113.94662524223327,180.8332942594242,66.88666901719094
102900005116790,花叶类,2023-07-03,10.0,17.82,3.3941445,33.94144535064697,60.48365561485291,26.542210264205934
102900005116806,花叶类,2023-07-03,2.0,3.564,4.5399117,9.07982349395752,16.1802454662323,7.100421972274781
102900005116837,食用菌,2023-07-03,7.4,12.3876,1.7288104,12.793197178840638,21.41581207737923,8.62261489853859
102900005116899,水生根茎类,2023-07-03,10.38,20.76,7.167307,74.39664562225343,148.79329124450686,74.39664562225343
102900005116905,辣椒类,2023-07-03,5.0,9.63,1.7228794,8.614397048950195,16.591328716278078,7.976931667327882
102900005116912,食用菌,2023-07-03,8.48,14.19552,1.3756614,11.665608444213868,19.528228535614012,7.862620091400146
102900005116943,辣椒类,2023-07-03,9.13,17.584380000000003,1.3705785,12.513381955623627,24.10077364653111,11.58739169090748
102900005117056,辣椒类,2023-07-03,10.0,19.26,10.498586,104.9858570098877,202.2027606010437,97.21690359115603
102900005117209,辣椒类,2023-07-03,14.71,28.331460000000003,1.1983793,17.628159182071688,33.951834584670074,16.323675402598383
102900005117353,食用菌,2023-07-03,1.0,1.674,4.5104513,4.510451316833496,7.550495504379272,3.040044187545776
102900005118572,花叶类,2023-07-03,1.6,2.8512000000000004,4.7457786,7.5932456970214846,13.531163832092288,5.937918135070802
102900005118817,花叶类,2023-07-03,9.66,17.21412,3.5949132,34.726861939430236,61.88326797606469,27.15640603663445
102900005118824,水生根茎类,2023-07-03,11.67,23.34,3.5755198,41.72631606817245,83.4526321363449,41.72631606817245
102900005118831,花叶类,2023-07-03,4.4,7.840800000000001,11.341633,49.903184509277345,88.92747479553223,39.02429028625489
102900005119098,食用菌,2023-07-03,14.36,24.038639999999997,1.6834413,24.174216799736023,40.4676389227581,16.293422123022076
102900005119104,食用菌,2023-07-03,2.5,4.185,3.7351384,9.337846040725708,15.631554272174833,6.293708231449126
102900005119944,食用菌,2023-07-03,10.83,18.12942,2.2072828,23.904872524738312,40.01675660641193,16.111884081673622
102900005119968,辣椒类,2023-07-03,8.0,15.408000000000001,1.295404,10.363231658935547,19.959584175109864,9.596352516174319
102900005119975,花叶类,2023-07-03,2.6,4.6332,6.2655606,16.290457630157473,29.029595496940615,12.739137866783144
102900005122654,花叶类,2023-07-03,4.2,7.484400000000001,4.612393,19.372050189971926,34.52099343852997,15.148943248558048
102900005123880,辣椒类,2023-07-03,8.44,16.25544,1.5012038,12.670159864425658,24.40272789888382,11.732568034458161
102900005125808,辣椒类,2023-07-03,14.71,28.331460000000003,3.4928489,51.379806923866276,98.95750813536645,47.57770121150018
102900005125815,食用菌,2023-07-03,5.81,9.72594,2.1265287,12.355131978988647,20.682490932826994,8.327358953838349
102900005128748,花叶类,2023-07-03,14.71,26.213220000000003,1.2659554,18.622204642295838,33.18476867257119,14.562564030275349
102900011000175,花叶类,2023-07-03,5.43,9.67626,10.158679,55.1616270160675,98.29801934263229,43.13639232656478
102900011000328,辣椒类,2023-07-03,8.97,17.276220000000002,6.465209,57.99292479515076,111.69437315546037,53.70144836030961
102900011000335,茄类,2023-07-03,1.0,1.6720000000000002,5.016152,5.0161519050598145,8.38700598526001,3.3708540802001963
102900011000571,花叶类,2023-07-03,5.8,10.3356,3.2160137,18.65287928581238,33.23943088731765,14.586551601505278
102900011000632,花菜类,2023-07-03,9.51,15.092369999999999,1.488663,14.157184731960296,22.46745216962099,8.310267437660693
102900011000861,辣椒类,2023-07-03,12.0,23.112000000000002,1.3653657,16.38438892364502,31.55633306694031,15.17194414329529
102900011001219,辣椒类,2023-07-03,10.4,20.030400000000004,1.235522,12.8494291305542,24.748000505447393,11.898571374893192
102900011001561,水生根茎类,2023-07-03,1.33,2.66,5.593969,7.439978594779968,14.879957189559937,7.439978594779968
102900011001691,水生根茎类,2023-07-03,9.16,18.32,2.5155725,23.042644538879394,46.08528907775879,23.042644538879394
102900011001806,食用菌,2023-07-03,5.69,9.52506,3.33681,18.986449537277224,31.783316525402068,12.796866988124846
102900011001813,食用菌,2023-07-03,1.73,2.89602,5.9231296,10.247014136314393,17.153501664190294,6.906487527875901
102900011002414,花叶类,2023-07-03,13.71,24.431220000000003,1.2752253,17.48333861231804,31.15530940715075,13.67197079483271
102900011006689,花叶类,2023-07-03,3.61,6.43302,6.022599,21.74158318519592,38.743501236019135,17.001918050823214
102900011006948,花叶类,2023-07-03,9.19,16.37658,2.984567,27.428170058727265,48.87699904465199,21.448828985924724
102900011006955,花叶类,2023-07-03,10.0,17.82,1.7800093,17.800092697143555,31.719765186309814,13.91967248916626
102900011007044,食用菌,2023-07-03,3.18,5.32332,2.7088473,8.614134364128113,14.42006092555046,5.805926561422347
102900011007464,花叶类,2023-07-03,6.13,10.92366,1.4066697,8.622885481119155,15.365981927354335,6.74309644623518
102900011007471,花叶类,2023-07-03,11.18,19.92276,1.253459,14.013671360015868,24.972362363548278,10.95869100353241
102900011007495,花叶类,2023-07-03,10.06,17.926920000000003,1.2711682,12.78795241355896,22.78813120096207,10.00017878740311
102900011007969,水生根茎类,2023-07-03,5.29,10.58,2.0380852,10.78147082567215,21.5629416513443,10.78147082567215
102900011008133,花叶类,2023-07-03,14.71,26.213220000000003,1.3283057,19.539377160072327,34.81917009924889,15.279792939176563
102900011008164,花叶类,2023-07-03,2.56,4.56192,9.326919,23.87691162109375,42.54865650878906,18.67174488769531
102900011008485,花叶类,2023-07-03,8.09,14.41638,3.7499073,30.336749694347382,54.060087955327035,23.723338260979652
102900011008492,花叶类,2023-07-03,4.31,7.68042,4.6414647,20.004712901115415,35.64839838978767,15.643685488672258
102900011008515,花叶类,2023-07-03,5.09,9.07038,1.7387671,8.850324778556823,15.771278755388261,6.920953976831437
102900011008522,花叶类,2023-07-03,3.15,5.6133,6.5648365,20.679234981536865,36.85039673709869,16.171161755561826
102900011008577,食用菌,2023-07-03,4.17,6.98058,2.390536,9.96853541135788,16.68732827861309,6.71879286725521
102900011008676,花叶类,2023-07-03,11.17,19.90494,1.5084559,16.849452096223832,30.025723635470868,13.176271539247036
102900011009246,食用菌,2023-07-03,7.38,12.35412,1.3120215,9.682718625068665,16.208870978364946,6.52615235329628
102900011009277,水生根茎类,2023-07-03,2.71,5.42,6.6482315,18.01670738220215,36.0334147644043,18.01670738220215
102900011009444,茄类,2023-07-03,5.01,8.37672,3.8634422,19.355845334529874,32.36297339933395,13.00712806480408
102900011009772,辣椒类,2023-07-03,14.71,28.331460000000003,1.459231,21.465288289785388,41.342145246126655,19.87685695634127
102900011009970,花菜类,2023-07-03,7.13,11.31531,6.4593167,46.05492828845978,73.08917119378567,27.034242905325893
102900011010563,食用菌,2023-07-03,14.71,24.62454,1.3158092,19.355554065704347,32.401197505989074,13.045643440284728
102900011010891,水生根茎类,2023-07-03,9.11,18.22,3.1037557,28.2752145409584,56.5504290819168,28.2752145409584
102900011011058,食用菌,2023-07-03,14.71,24.62454,1.322408,19.452621104717256,32.56368772929668,13.111066624579427
102900011011546,食用菌,2023-07-03,1.0,1.674,4.1180816,4.118081569671631,6.89366854763031,2.775586977958679
102900011011669,食用菌,2023-07-03,6.37,10.66338,1.687227,10.747636058330537,17.991542761645317,7.2439067033147815
102900011012482,食用菌,2023-07-03,6.04,10.11096,2.3118408,13.963518266677857,23.374929578418733,9.411411311740876
102900011012871,食用菌,2023-07-03,14.71,24.62454,1.2611401,18.55137099027634,31.054995037722588,12.50362404744625
102900011012994,食用菌,2023-07-03,4.18,6.997319999999999,7.277657,30.420606393814086,50.924095103244774,20.50348870943069
102900011013274,食用菌,2023-07-03,3.29,5.50746,2.34308,7.708733344078064,12.90441961798668,5.195686273908615
102900011015384,花叶类,2023-07-03,14.71,26.213220000000003,1.3999887,20.59383306026459,36.6982105133915,16.10437745312691
102900011015391,花叶类,2023-07-03,2.0,3.564,3.6450353,7.290070533752441,12.990905691146851,5.700835157394409
102900011016701,辣椒类,2023-07-03,3.63,6.99138,14.262897,51.774314432144166,99.71732959630967,47.9430151641655
102900011016909,茄类,2023-07-03,9.66,16.15152,1.4679359,14.180260984897613,23.709396366748813,9.529135381851198
102900011018095,食用菌,2023-07-03,3.73,6.24402,5.6482134,21.067835931777953,35.26755734979629,14.19972141801834
102900011018132,水生根茎类,2023-07-03,14.71,29.42,1.7528584,25.784547069072726,51.56909413814545,25.784547069072726
102900011021644,花叶类,2023-07-03,6.13,10.92366,3.668895,22.49032638788223,40.077761623206136,17.587435235323905
102900011021675,食用菌,2023-07-03,12.01,20.10474,1.4914478,17.912288154363633,29.98517037040472,12.072882216041087
102900011021699,食用菌,2023-07-03,14.71,24.62454,1.322408,19.452621104717256,32.56368772929668,13.111066624579427
102900011021842,水生根茎类,2023-07-03,7.36,14.72,7.5132685,55.29765594482422,110.59531188964844,55.29765594482422
102900011022030,辣椒类,2023-07-03,2.4,4.6224,3.3396473,8.015153503417968,15.437185647583007,7.422032144165039
102900011022764,茄类,2023-07-03,7.0,11.704,4.9308133,34.51569318771362,57.71023900985718,23.194545822143557
102900011022849,花叶类,2023-07-03,0.6,1.0692,15.387504,9.23250217437744,16.452318874740598,7.219816700363158
102900011022924,花叶类,2023-07-03,1.4,2.4947999999999997,12.54516,17.56322441101074,31.297665900421137,13.734441489410397
102900011023075,食用菌,2023-07-03,3.0,5.022,2.7584696,8.275408744812012,13.853034238815308,5.577625494003296
102900011023464,花叶类,2023-07-03,2.7,4.811400000000001,5.831074,15.743900442123413,28.055630587863927,12.311730145740512
102900011023976,水生根茎类,2023-07-03,0.87,1.74,6.704037,5.832512354850769,11.665024709701537,5.832512354850769
102900011024010,水生根茎类,2023-07-03,14.71,29.42,2.7167034,39.96270723342896,79.92541446685792,39.96270723342896
102900011026502,花叶类,2023-07-03,12.66,22.56012,1.4484594,18.33749583721161,32.67741758191109,14.33992174469948
102900011026618,花叶类,2023-07-03,2.8,4.989599999999999,4.0373197,11.304495048522949,20.144610176467893,8.840115127944944
102900011026793,食用菌,2023-07-03,3.15,5.2730999999999995,3.0375628,9.56832296848297,16.017372649240492,6.449049680757521
102900011027462,花叶类,2023-07-03,5.51,9.81882,5.168879,28.480523467063904,50.75229281830788,22.271769351243975
102900011027479,辣椒类,2023-07-03,12.97,24.980220000000003,2.5795865,33.45723698139191,64.43863842616082,30.98140144476891
102900011027615,花叶类,2023-07-03,6.3,11.2266,2.338969,14.735504651069641,26.2586692882061,11.523164637136459
102900011028407,辣椒类,2023-07-03,3.0,5.7780000000000005,2.3317537,6.995261192321777,13.472873056411744,6.477611864089967
102900011029176,辣椒类,2023-07-03,0.89,1.7141400000000002,3.8524396,3.428671281337738,6.603620887856485,3.174949606518746
102900011029275,辣椒类,2023-07-03,13.01,25.057260000000003,1.5057824,19.590228579044343,37.73078024323941,18.140551664195065
102900011029299,辣椒类,2023-07-03,13.95,26.8677,1.370677,19.12094407081604,36.826938280391694,17.705994209575653
102900011029305,辣椒类,2023-07-03,14.71,28.331460000000003,1.2735853,18.734440050125123,36.08253153654099,17.348091486415868
102900011029688,花叶类,2023-07-03,3.4,6.0588,3.0802882,10.47297978401184,18.6628499751091,8.18987019109726
102900011030042,花叶类,2023-07-03,0.14,0.24948000000000004,17.096058,2.3934481048583987,4.265124522857667,1.871676417999268
102900011030059,花叶类,2023-07-03,3.49,6.219180000000001,25.108345,87.6281241607666,156.1533172544861,68.5251930937195
102900011030097,花叶类,2023-07-03,2.84,5.06088,20.923107,59.4216242980957,105.88933449920654,46.46771020111084
102900011030103,花叶类,2023-07-03,0.97,1.72854,11.118565,10.785007667541503,19.21888366355896,8.433875996017456
102900011030110,花叶类,2023-07-03,4.07,7.25274,11.266455,45.854470615386965,81.71266663661957,35.8581960212326
102900011030134,花叶类,2023-07-03,2.16,3.84912,6.620555,14.300398635864259,25.483310369110107,11.182911733245849
102900011030141,花叶类,2023-07-03,2.01,3.5818199999999996,7.956176,15.991913366317748,28.497589618778225,12.505676252460479
102900011030158,花叶类,2023-07-03,1.07,1.90674,8.001207,8.56129186630249,15.25622210575104,6.6949302394485475
102900011030400,花叶类,2023-07-03,14.71,26.213220000000003,3.6053426,53.034590036869055,94.50763944570066,41.473049408831606
102900011030417,花叶类,2023-07-03,14.71,26.213220000000003,1.576227,23.186298429965973,41.31798380219937,18.131685372233395
102900011030561,食用菌,2023-07-03,12.42,20.791079999999997,1.576227,19.576738715171814,32.77146060919761,13.194721894025799
102900011030608,食用菌,2023-07-03,5.1,8.5374,2.6363416,13.445342016220092,22.507502535152437,9.062160518932343
102900011030615,食用菌,2023-07-03,10.37,17.359379999999998,1.6620564,17.235525345802305,28.852269428873058,11.616744083070753
102900011030622,食用菌,2023-07-03,14.56,24.37344,1.9877434,28.941543579101562,48.448143951416014,19.50660037231445
102900011030639,食用菌,2023-07-03,14.71,24.62454,1.9142104,28.15803555369377,47.13655151688337,18.9785159631896
102900011030905,花叶类,2023-07-03,3.16,5.63112,2.3813915,7.525197219848633,13.409901445770265,5.884704225921631
102900011030912,食用菌,2023-07-03,2.59,4.33566,3.4186325,8.854258193969725,14.822028216705322,5.967770022735595
102900011030929,食用菌,2023-07-03,1.3,2.1762,4.3265004,5.624450540542603,9.415330204868317,3.7908796643257143
102900011031100,辣椒类,2023-07-03,2.11,4.06386,22.54208,47.563788642883296,91.60785692619324,44.04406828330994
102900011031216,花叶类,2023-07-03,5.12,9.12384,2.1516416,11.016405029296875,19.63123376220703,8.614828732910155
102900011031582,辣椒类,2023-07-03,0.92,1.7719200000000002,8.429161,7.754828186035157,14.935799086303712,7.180970900268556
102900011031599,食用菌,2023-07-03,1.96,3.28104,3.8203094,7.487806425094604,12.534587955608368,5.046781530513764
102900011031735,辣椒类,2023-07-03,3.79,7.29954,3.0462244,11.545190308094025,22.236036533389093,10.690846225295068
102900011031742,辣椒类,2023-07-03,2.06,3.9675600000000006,3.4128568,7.030485043525696,13.540714193830492,6.510229150304796
102900011031759,辣椒类,2023-07-03,3.48,6.70248,2.735299,9.518840904235839,18.333287581558228,8.814446677322389
102900011031841,食用菌,2023-07-03,0.1,0.1674,7.699809,0.7699809074401855,1.2889480390548707,0.518967131614685
102900011031858,食用菌,2023-07-03,0.1,0.1674,11.331553,1.133155345916748,1.8969020490646362,0.7637467031478881
102900011031926,食用菌,2023-07-03,2.6,4.3524,3.7351384,9.711359882354737,16.25681644306183,6.545456560707093
102900011031995,食用菌,2023-07-03,1.61,2.69514,10.235956,16.47988946914673,27.587334971351623,11.107445502204893
102900011032022,辣椒类,2023-07-03,2.1,4.044600000000001,11.231804,23.586788177490234,45.4281540298462,21.841365852355967
102900011032114,水生根茎类,2023-07-03,3.8,7.6,2.9556546,11.231487560272216,22.46297512054443,11.231487560272216
102900011032176,花叶类,2023-07-03,1.85,3.2967000000000004,3.362354,6.220354974269867,11.084672564148905,4.864317589879037
102900011032206,辣椒类,2023-07-03,0.1,0.19260000000000002,9.606719,0.9606719017028809,1.8502540826797487,0.8895821809768678
102900011032213,辣椒类,2023-07-03,3.23,6.220980000000001,3.395775,10.968353507518769,21.12504885548115,10.156695347962382
102900011032220,辣椒类,2023-07-03,3.92,7.54992,4.438042,17.397125282287597,33.50686329368592,16.109738011398317
102900011032237,辣椒类,2023-07-03,2.55,4.9113,2.9190497,7.443576836585998,14.336328987264633,6.892752150678635
102900011032244,辣椒类,2023-07-03,3.1,5.970600000000001,3.5032158,10.859968948364259,20.916300194549564,10.056331246185305
102900011032251,辣椒类,2023-07-03,4.29,8.262540000000001,10.918623,46.84089254379273,90.2155590393448,43.37466649555208
102900011032282,花叶类,2023-07-03,2.5,4.455,7.8228416,19.557104110717773,34.850759525299075,15.2936554145813
102900011032343,辣椒类,2023-07-03,12.13,23.36238,1.7401175,21.107625880241397,40.65328744534493,19.545661565103533
102900011032350,辣椒类,2023-07-03,9.23,17.776980000000002,1.439775,13.289123158454895,25.59485120318413,12.305728044729234
102900011032367,辣椒类,2023-07-03,11.51,22.16826,1.3770866,15.850267219543456,30.527614664840698,14.677347445297242
102900011032480,花叶类,2023-07-03,12.07,21.50874,1.2940812,15.61956021785736,27.834056308221815,12.214496090364456
102900011032589,花叶类,2023-07-03,4.1,7.3062,2.2213492,9.107531881332397,16.229621812534333,7.122089931201935
102900011032619,食用菌,2023-07-03,11.18,18.71532,5.3870115,60.226788883209224,100.81964459049225,40.592855707283015
102900011032626,食用菌,2023-07-03,7.35,12.303899999999999,1.3423331,9.866148126125335,16.51593196313381,6.649783837008475
102900011032633,食用菌,2023-07-03,7.14,11.952359999999999,1.8922635,13.51076161623001,22.617014945569036,9.106253329339026
102900011032640,食用菌,2023-07-03,8.88,14.865120000000001,1.465889,13.017094116210938,21.79061555053711,8.773521434326172
102900011032732,水生根茎类,2023-07-03,13.69,27.38,1.8888887,25.858886531591413,51.717773063182825,25.858886531591413
102900011032787,花叶类,2023-07-03,1.08,1.92456,15.504788,16.74517147064209,29.839895560684205,13.094724090042114
102900011032848,辣椒类,2023-07-03,2.33,4.48758,7.468956,17.402667465209962,33.517537537994386,16.114870072784427
102900011033081,花叶类,2023-07-03,4.96,8.83872,2.1478503,10.653337364196778,18.984247182998658,8.330909818801882
102900011033173,花叶类,2023-07-03,11.22,19.994040000000002,1.2659554,14.204020128250123,25.311563868541718,11.107543740291597
102900011033234,花叶类,2023-07-03,0.1,0.17820000000000003,21.110117,2.1110116958618166,3.7618228420257576,1.6508111461639408
102900011033241,花叶类,2023-07-03,4.69,8.35758,6.2519827,29.321798810958864,52.2514454811287,22.92964667016983
102900011033531,花叶类,2023-07-03,11.99,21.36618,1.5262783,18.30007630586624,32.61073597705364,14.3106596711874
102900011033562,花叶类,2023-07-03,12.0,21.384,1.5262783,18.31533908843994,32.63793425559997,14.322595167160035
102900011033586,花叶类,2023-07-03,12.0,21.384,1.9423106,23.307726860046387,41.53436926460266,18.226642404556276
102900011033906,花叶类,2023-07-03,0.3,0.5346,37.814487,11.344346237182616,20.21562499465942,8.871278757476805
102900011033913,花菜类,2023-07-03,8.58,13.61646,2.0631192,17.701562504768372,28.092379695067407,10.390817190299034
102900011033920,花叶类,2023-07-03,5.54,9.87228,3.6722488,20.344258575439454,36.25346878143311,15.909210205993652
102900011033937,食用菌,2023-07-03,5.81,9.72594,2.4982805,14.515009851455687,24.29812649133682,9.783116639881134
102900011033944,食用菌,2023-07-03,8.14,13.62636,3.0280044,24.647955880165103,41.260678143396376,16.612722263231277
102900011033968,食用菌,2023-07-03,12.61,21.109139999999996,1.3420892,16.92374451160431,28.33034831242561,11.4066038008213
102900011033975,茄类,2023-07-03,0.12,0.20064,8.03136,0.9637631607055663,1.6114120046997071,0.6476488439941408
102900011033982,茄类,2023-07-03,4.34,7.256480000000001,2.46261,10.687727427482605,17.869880258750918,7.182152831268312
102900011033999,茄类,2023-07-03,6.18,10.33296,2.346634,14.50219757080078,24.247674338378907,9.745476767578126
102900011034026,花菜类,2023-07-03,8.39,13.31493,6.2266717,52.24177552700043,82.90769776134968,30.66592223434925
102900011034200,花叶类,2023-07-03,1.59,2.83338,6.4215837,10.210318007469178,18.194786689310074,7.984468681840896
102900011034217,花叶类,2023-07-03,5.74,10.22868,4.438888,25.47921753883362,45.403965654201514,19.92474811536789
102900011034224,花叶类,2023-07-03,1.98,3.52836,8.073556,15.985640773773193,28.486411858863832,12.500771085090639
102900011034231,花叶类,2023-07-03,1.36,2.4235200000000003,22.055542,29.995537109375004,53.45204712890626,23.456510019531255
102900011034262,辣椒类,2023-07-03,0.1,0.19260000000000002,9.606719,0.9606719017028809,1.8502540826797487,0.8895821809768678
102900011034316,花叶类,2023-07-03,4.21,7.50222,11.088112,46.68095100402832,83.18545468917847,36.50450368515015
102900011034323,花叶类,2023-07-03,14.71,26.213220000000003,1.303351,19.17229386687279,34.16502767076731,14.992733803894524
102900011034330,食用菌,2023-07-03,3.41,5.70834,10.83801,36.95761353492737,61.86704505746841,24.90943152254104
102900011034354,花叶类,2023-07-03,3.27,5.82714,6.2171726,20.33015447616577,36.2283352765274,15.898180800361633
102900011034439,辣椒类,2023-07-03,3.32,6.3943200000000004,3.4234138,11.36573366165161,21.890403032341005,10.524669370689395
102900011034538,食用菌,2023-07-03,1.2,2.0088,3.4903605,4.188432598114013,7.011436169242859,2.823003571128845
102900011034569,水生根茎类,2023-07-03,2.0,4.0,4.255641,8.511281967163086,17.022563934326172,8.511281967163086
102900011034705,食用菌,2023-07-03,6.7,11.2158,2.5816612,17.29713020324707,28.955395960235595,11.658265756988524
102900011035078,辣椒类,2023-07-03,12.72,24.498720000000002,2.2235408,28.2834387588501,54.47390304954529,26.190464290695193
102900011035481,花叶类,2023-07-03,3.58,6.379560000000001,5.356578,19.17654878616333,34.172609936943054,14.996061150779727
102900011035511,水生根茎类,2023-07-03,3.22,6.44,4.3427825,13.983759641647339,27.967519283294678,13.983759641647339
102900011035740,食用菌,2023-07-03,3.12,5.22288,2.9841337,9.310497207641601,15.58577232559204,6.275275117950439
102900011035764,花叶类,2023-07-03,7.69,13.70358,1.9361383,14.888903313875199,26.532025705325605,11.643122391450406
102900011035771,花叶类,2023-07-03,7.58,13.50756,1.650426,12.510229308605194,22.293228627934454,9.782999319329262
102900011035788,食用菌,2023-07-03,2.48,4.15152,11.78666,29.230917282104492,48.932555530242915,19.701638248138423
102900011035849,花叶类,2023-07-03,2.99,5.328180000000001,5.218099,15.602116360664368,27.802971354703907,12.200854994039538
102900011035962,水生根茎类,2023-07-03,0.1,0.2,9.500959,0.9500959396362305,1.900191879272461,0.9500959396362305
102900011036068,食用菌,2023-07-03,2.85,4.7709,4.2093596,11.996674990653991,20.082433934354782,8.08575894370079
102900011036242,辣椒类,2023-07-03,3.88,7.47288,2.5099099,9.738450288772583,18.756255256175994,9.017804967403412
102900011036266,食用菌,2023-07-03,3.4,5.691599999999999,2.9828377,10.14164810180664,16.977118922424314,6.835470820617674
102900011036686,花叶类,2023-07-03,1.53,2.72646,3.1431313,4.808990821838379,8.56962164451599,3.7606308226776117
102900051000463,茄类,2023-07-03,3.2,5.3504000000000005,2.5596488,8.190876007080078,13.695144683837892,5.504268676757813
102900051000890,花叶类,2023-07-03,3.99,7.110180000000001,2.6181514,10.446424190998078,18.615527908358576,8.169103717360498
102900051000944,水生根茎类,2023-07-03,14.71,29.42,4.438109,65.28458222866058,130.56916445732116,65.28458222866058
102900051004294,辣椒类,2023-07-03,0.1,0.19260000000000002,16.937872,1.69378719329834,3.262234134292603,1.568446940994263
102900051006229,水生根茎类,2023-07-03,2.99,5.98,6.307887,18.860582361221315,37.72116472244263,18.860582361221315
102900051009220,花叶类,2023-07-03,7.28,12.97296,3.2803118,23.880670070648193,42.55535406589508,18.674683995246887
102900051009336,食用菌,2023-07-03,10.18,17.04132,1.4900619,15.168829929828643,25.392621302533147,10.223791372704504
102900051010455,花叶类,2023-07-03,4.48,7.983360000000001,5.681598,25.453559875488285,45.35824369812013,19.90468382263184
102900051010790,花叶类,2023-07-03,10.28,18.31896,1.3032069,13.39696714401245,23.873395450630188,10.476428306617738
106930274220092,食用菌,2023-07-03,2.53,4.235219999999999,3.4186325,8.649140243530272,14.478660767669675,5.829520524139402
106930274620090,食用菌,2023-07-03,2.58,4.31892,9.803369,25.29269090652466,42.33996457752228,17.047273670997622
106931885000035,食用菌,2023-07-03,4.0,6.696,2.6311474,10.524589538574219,17.61816288757324,7.093573348999023
106931885000356,食用菌,2023-07-03,8.12,13.592879999999997,1.6365787,13.289018874168395,22.24581759535789,8.956798721189497
106949711300068,食用菌,2023-07-03,1.99,3.33126,6.181026,12.30024170398712,20.59060461247444,8.29036290848732
106949711300167,食用菌,2023-07-03,4.02,6.729479999999999,18.452736,74.17999832153319,124.17731719024655,49.997318868713364
106949711300259,食用菌,2023-07-03,1.45,2.4273,19.236986,27.893629932403563,46.69393650684356,18.80030657444
106956146480197,食用菌,2023-07-03,1.0,1.674,5.262985,5.2629852294921875,8.810237274169921,3.547252044677734
106956146480203,食用菌,2023-07-03,2.1,3.5154,5.480622,11.509305810928344,19.26657792749405,7.757272116565704
106957634300010,食用菌,2023-07-03,3.9,6.5286,5.324152,20.76419277191162,34.759258700180055,13.995065928268433
106957634300058,食用菌,2023-07-03,2.1,3.5154,4.819914,10.121819114685058,16.94392519798279,6.822106083297729
106958851400125,食用菌,2023-07-03,2.39,4.00086,7.0702677,16.89793974876404,28.287151139431003,11.389211390666963
106971533450003,食用菌,2023-07-03,1.95,3.2643,10.243476,19.974778032302854,33.437778426074985,13.463000393772125
106971533455008,食用菌,2023-07-03,1.9,3.1805999999999996,10.843107,20.60190372467041,34.48758683509826,13.885683110427854
106971563780002,花叶类,2023-07-03,3.0,5.346,4.3486176,13.045852661132812,23.24770944213867,10.20185678100586
106972776821582,花叶类,2023-07-03,3.38,6.02316,9.83645,33.24719972610473,59.246509911918636,25.999310185813904
106973223300667,食用菌,2023-07-03,5.0,8.37,3.9787009,19.89350438117981,33.301726334095,13.408221952915188
106973990980123,食用菌,2023-07-03,2.03,3.3982199999999994,7.151661,14.517871665954589,24.30291716880798,9.785045502853391
102900005115168,花叶类,2023-07-04,2.2,3.9204000000000003,7.694166,16.927165603637697,30.164209105682374,13.23704350204468
102900005115199,花叶类,2023-07-04,14.71,26.213220000000003,3.09931,45.59084894180298,81.24289281429292,35.652043872489934
102900005115250,食用菌,2023-07-04,14.71,24.62454,5.158997,75.88884673595429,127.03792943598746,51.14908270003318
102900005115625,花叶类,2023-07-04,3.0,5.346,2.4069054,7.220716238021851,12.867316336154937,5.646600098133088
102900005115748,花叶类,2023-07-04,2.64,4.70448,7.9672093,21.033432655334472,37.48157699180603,16.448144336471557
102900005115762,花叶类,2023-07-04,2.21,3.93822,8.956468,19.793793458938598,35.27253994382858,15.478746484889983
102900005115779,花叶类,2023-07-04,5.68,10.12176,3.7526057,21.314800243377686,37.98297403369904,16.66817379032135
102900005115786,花叶类,2023-07-04,2.15,3.8312999999999997,13.405498,28.821819734573364,51.36048276700973,22.538663032436368
102900005115793,花叶类,2023-07-04,11.82,21.06324,2.8127713,33.246957006454465,59.24607738550186,25.999120379047394
102900005115816,花叶类,2023-07-04,4.47,7.96554,5.1543183,23.03980294704437,41.056928851633074,18.0171259045887
102900005115823,花叶类,2023-07-04,4.09,7.28838,5.086791,20.80497534751892,37.07446606927872,16.269490721759798
102900005115854,花叶类,2023-07-04,2.29,4.08078,3.3266277,7.6179775047302245,13.57523591342926,5.957258408699035
102900005115861,花叶类,2023-07-04,2.0,3.564,4.4588747,8.917749404907227,15.891429439544678,6.973680034637451
102900005115878,花叶类,2023-07-04,8.42,15.00444,7.006475,58.994519262313844,105.12823332544328,46.13371406312943
102900005115885,花叶类,2023-07-04,6.22,11.08404,3.0589962,19.026956367492676,33.90603624687195,14.879079879379272
102900005115908,花叶类,2023-07-04,4.62,8.23284,3.4247868,15.822515044212341,28.19572180878639,12.373206764574048
102900005115946,花叶类,2023-07-04,3.12,5.55984,6.529848,20.373126068115234,36.30491065338135,15.931784585266115
102900005115960,花叶类,2023-07-04,1.64,2.9224799999999997,9.567188,15.690188751220703,27.95991635467529,12.269727603454589
102900005115977,花叶类,2023-07-04,14.17,25.25094,1.5868021,22.484986110925675,40.06824524966955,17.583259138743877
102900005115984,花叶类,2023-07-04,2.66,4.74012,3.6036305,9.585657243728638,17.081641208324434,7.495983964595794
102900005116219,辣椒类,2023-07-04,11.28,21.72528,1.3703983,15.4580926322937,29.77228640979767,14.31419377750397
102900005116226,辣椒类,2023-07-04,5.13,9.88038,2.2922072,11.759023146629334,22.647878580408097,10.888855433778765
102900005116233,辣椒类,2023-07-04,9.31,17.931060000000002,1.5531994,14.460286511182785,27.85051182053805,13.390225309355262
102900005116257,茄类,2023-07-04,3.43,5.734960000000001,9.826594,33.705218629837034,56.35512554908753,22.649906919250498
102900005116509,茄类,2023-07-04,3.98,6.654560000000001,3.3895705,13.490490489006042,22.556100097618106,9.065609608612064
102900005116530,食用菌,2023-07-04,12.0,20.088,6.0069833,72.08379936218262,120.6682801322937,48.58448077011109
102900005116547,食用菌,2023-07-04,9.36,15.668639999999998,10.5366955,98.62346969604492,165.09568827117917,66.47221857513426
102900005116639,花叶类,2023-07-04,7.22,12.86604,1.4710265,10.62081161737442,18.926286302161216,8.305474684786796
102900005116714,花菜类,2023-07-04,7.59,12.04533,14.670115,111.34617642402648,176.70638198493003,65.36020556090355
102900005116790,花叶类,2023-07-04,10.0,17.82,3.0458093,30.45809268951416,54.27632117271423,23.818228483200073
102900005116806,花叶类,2023-07-04,2.0,3.564,4.267606,8.535211563110352,15.209747005462647,6.674535442352295
102900005116837,食用菌,2023-07-04,7.4,12.3876,1.7328662,12.823209643363953,21.466052942991258,8.642843299627305
102900005116899,水生根茎类,2023-07-04,10.38,20.76,6.9087577,71.71290478706361,143.42580957412721,71.71290478706361
102900005116905,辣椒类,2023-07-04,5.0,9.63,1.7615604,8.807802200317383,16.96382703781128,8.156024837493899
102900005116912,食用菌,2023-07-04,8.48,14.19552,1.465889,12.430738525390625,20.809056291503907,8.37831776611328
102900005116943,辣椒类,2023-07-04,9.13,17.584380000000003,1.4280541,13.038133881092072,25.111445854983334,12.073311973891261
102900005117056,辣椒类,2023-07-04,10.0,19.26,7.9112587,79.11258697509766,152.3708425140381,73.25825553894045
102900005117209,辣椒类,2023-07-04,14.71,28.331460000000003,1.2607296,18.545331699848177,35.71830885390759,17.172977154059414
102900005117353,食用菌,2023-07-04,1.0,1.674,4.159104,4.159103870391846,6.96233987903595,2.8032360086441037
102900005118572,花叶类,2023-07-04,1.6,2.8512000000000004,4.4413314,7.10613021850586,12.663124049377442,5.556993830871583
102900005118817,花叶类,2023-07-04,9.66,17.21412,3.4465985,33.29414179801941,59.33016068407059,26.03601888605118
102900005118824,水生根茎类,2023-07-04,11.67,23.34,3.4422693,40.17128302574158,80.34256605148316,40.17128302574158
102900005118831,花叶类,2023-07-04,4.4,7.840800000000001,11.509381,50.641277694702154,90.24275685195924,39.60147915725708
102900005119098,食用菌,2023-07-04,14.36,24.038639999999997,1.6239022,23.319235615730285,39.03640042073249,15.71716480500221
102900005119104,食用菌,2023-07-04,2.5,4.185,3.7885396,9.471349120140076,15.855038427114485,6.38368930697441
102900005119944,食用菌,2023-07-04,10.83,18.12942,2.1905344,23.723487045764923,39.71311731461048,15.989630268845557
102900005119968,辣椒类,2023-07-04,8.0,15.408000000000001,1.295404,10.363231658935547,19.959584175109864,9.596352516174319
102900005119975,花叶类,2023-07-04,2.6,4.6332,6.2723565,16.30812692642212,29.06108218288422,12.7529552564621
102900005122654,花叶类,2023-07-04,4.2,7.484400000000001,4.668112,19.606069564819336,34.93801596450806,15.331946399688723
102900005123880,辣椒类,2023-07-04,8.44,16.25544,1.5365813,12.968745985031127,24.977804767169953,12.009058782138826
102900005125808,辣椒类,2023-07-04,14.71,28.331460000000003,3.3595986,49.41969594478608,95.18233438965798,45.76263844487191
102900005125815,食用菌,2023-07-04,5.81,9.72594,2.3245764,13.50578875541687,22.60869037656784,9.10290162115097
102900005128748,花叶类,2023-07-04,14.71,26.213220000000003,1.2979941,19.093493752479553,34.02460586691857,14.931112114439014
102900011000175,花叶类,2023-07-04,5.43,9.67626,9.706144,52.70436372756958,93.91917616252898,41.214812434959406
102900011000328,辣椒类,2023-07-04,8.97,17.276220000000002,6.1140466,54.84299776554108,105.62761369643212,50.78461593089104
102900011000335,茄类,2023-07-04,1.0,1.6720000000000002,4.8161135,4.816113471984863,8.052541725158692,3.2364282531738287
102900011000571,花叶类,2023-07-04,5.8,10.3356,3.15308,18.28786392211914,32.58897350921631,14.301109587097168
102900011000632,花菜类,2023-07-04,9.51,15.092369999999999,1.518975,14.445452435016632,22.924933014371394,8.479480579354762
102900011000861,辣椒类,2023-07-04,12.0,23.112000000000002,1.4228413,17.074095726013184,32.884708368301396,15.810612642288211
102900011001219,辣椒类,2023-07-04,10.4,20.030400000000004,1.2901912,13.417988204956055,25.843045282745365,12.425057077789312
102900011001561,水生根茎类,2023-07-04,1.33,2.66,5.3873158,7.165129947662354,14.330259895324708,7.165129947662354
102900011001691,水生根茎类,2023-07-04,9.16,18.32,2.5386248,23.253802833557128,46.507605667114255,23.253802833557128
102900011001806,食用菌,2023-07-04,5.69,9.52506,3.2832422,18.681648263931276,31.27307919382095,12.591430929889677
102900011001813,食用菌,2023-07-04,1.73,2.89602,5.6315885,9.742648034095764,16.30919280907631,6.566544774980545
102900011002414,花叶类,2023-07-04,13.71,24.431220000000003,1.3479869,18.480900900363924,32.93296540444852,14.452064504084591
102900011006689,花叶类,2023-07-04,3.61,6.43302,5.7417364,20.727668447494505,36.93670517343521,16.209036725940706
102900011006948,花叶类,2023-07-04,9.19,16.37658,2.6506228,24.359223942756653,43.408137065992356,19.048913123235707
102900011006955,花叶类,2023-07-04,10.0,17.82,1.6950282,16.950281858444214,30.20540227174759,13.255120413303375
102900011007044,食用菌,2023-07-04,3.18,5.32332,2.7037957,8.598070235252381,14.393169573812484,5.795099338560103
102900011007464,花叶类,2023-07-04,6.13,10.92366,1.4794317,9.068916617631912,16.16080941262007,7.091892794988156
102900011007471,花叶类,2023-07-04,11.18,19.92276,1.3158092,14.710747413635254,26.214551891098022,11.503804477462769
102900011007495,花叶类,2023-07-04,10.06,17.926920000000003,1.3335185,13.415196161270142,23.905879559383397,10.490683398113253
102900011007969,水生根茎类,2023-07-04,5.29,10.58,2.1760747,11.511435391902923,23.022870783805846,11.511435391902923
102900011008133,花叶类,2023-07-04,14.71,26.213220000000003,1.3707283,20.163412621021273,35.93120129065991,15.767788669638637
102900011008164,花叶类,2023-07-04,2.56,4.56192,8.818089,22.574306640625,40.22741443359375,17.653107792968747
102900011008485,花叶类,2023-07-04,8.09,14.41638,3.4397202,27.827336044311522,49.58831283096313,21.76097678665161
102900011008492,花叶类,2023-07-04,4.31,7.68042,4.503558,19.410335664749145,34.58921815458297,15.178882489833832
102900011008515,花叶类,2023-07-04,5.09,9.07038,1.8253928,9.29124956727028,16.55700672887564,7.265757161605358
102900011008522,花叶类,2023-07-04,3.15,5.6133,6.589928,20.758273673057555,36.99124368538856,16.23297001233101
102900011008577,食用菌,2023-07-04,4.17,6.98058,2.4620504,10.266750326156616,17.186540045986174,6.919789719829559
102900011008676,花叶类,2023-07-04,11.17,19.90494,1.5196795,16.974820532798766,30.249130189447403,13.274309656648636
102900011009246,食用菌,2023-07-04,7.38,12.35412,1.3620143,10.051665487289428,16.826488025722504,6.774822538433075
102900011009277,水生根茎类,2023-07-04,2.71,5.42,5.6888,15.416647615432739,30.833295230865478,15.416647615432739
102900011009444,茄类,2023-07-04,5.01,8.37672,3.7729943,18.902701342105864,31.60531664400101,12.702615301895145
102900011009772,辣椒类,2023-07-04,14.71,28.331460000000003,1.4940615,21.97764422416687,42.328942775745396,20.351298551578527
102900011009970,花菜类,2023-07-04,7.13,11.31531,6.2774434,44.75817150592804,71.0312181799078,26.27304667397976
102900011010563,食用菌,2023-07-04,14.71,24.62454,1.3582318,19.979589526653292,33.445832867617604,13.466243340964315
102900011010891,水生根茎类,2023-07-04,9.11,18.22,3.0836322,28.091889622211454,56.18377924442291,28.091889622211454
102900011011058,食用菌,2023-07-04,14.71,24.62454,1.3648305,20.076656565666198,33.60832309092522,13.531666525259016
102900011011546,食用菌,2023-07-04,1.0,1.674,4.056028,4.056027889251709,6.78979068660736,2.7337627973556518
102900011011669,食用菌,2023-07-04,6.37,10.66338,1.7539961,11.172955372333528,18.703527293286324,7.530571920952797
102900011012482,食用菌,2023-07-04,6.04,10.11096,2.3538067,14.216992673873902,23.79924573606491,9.582253062191011
102900011012871,食用菌,2023-07-04,14.71,24.62454,1.2611401,18.55137099027634,31.054995037722588,12.50362404744625
102900011012994,食用菌,2023-07-04,4.18,6.997319999999999,5.623704,23.507082538604735,39.35085616962432,15.843773631019591
102900011013274,食用菌,2023-07-04,3.29,5.50746,2.4616795,8.09892541885376,13.557601151161194,5.458675732307434
102900011015384,花叶类,2023-07-04,14.71,26.213220000000003,1.4320273,21.065122170448305,37.53804770773888,16.47292553729058
102900011015391,花叶类,2023-07-04,2.0,3.564,3.8442295,7.6884589195251465,13.70083379459381,6.012374875068665
102900011016701,辣椒类,2023-07-04,3.63,6.99138,13.759402,49.94663025856018,96.19720987798691,46.25057961942673
102900011016909,茄类,2023-07-04,9.66,16.15152,1.4679359,14.180260984897613,23.709396366748813,9.529135381851198
102900011018095,食用菌,2023-07-04,3.73,6.24402,5.664808,21.129733080863954,35.37117317736626,14.241440096502304
102900011018132,水生根茎类,2023-07-04,14.71,29.42,1.6838187,24.768973046541216,49.53794609308243,24.768973046541216
102900011021644,花叶类,2023-07-04,6.13,10.92366,3.7928753,23.250325527191162,41.43208008945465,18.18175456226349
102900011021675,食用菌,2023-07-04,12.01,20.10474,1.5262783,18.33060187101364,30.685427532076837,12.354825661063193
102900011021699,食用菌,2023-07-04,14.71,24.62454,1.3420892,19.742131781578067,33.04832860236168,13.306196820783613
102900011021842,水生根茎类,2023-07-04,7.36,14.72,6.9712334,51.30827758789063,102.61655517578126,51.30827758789063
102900011022030,辣椒类,2023-07-04,2.4,4.6224,3.4748657,8.339677619934081,16.06221909599304,7.72254147605896
102900011022764,茄类,2023-07-04,7.0,11.704,4.851906,33.963340759277344,56.786705749511725,22.823364990234378
102900011022849,花叶类,2023-07-04,0.6,1.0692,14.391259,8.634755516052246,15.387134329605102,6.7523788135528555
102900011022924,花叶类,2023-07-04,1.4,2.4947999999999997,12.452188,17.43306255340576,31.065717470169062,13.632654916763302
102900011023075,食用菌,2023-07-04,3.0,5.022,2.8530917,8.559275150299072,14.328226601600647,5.768951451301575
102900011023464,花叶类,2023-07-04,2.7,4.811400000000001,5.238285,14.143369674682619,25.20348476028443,11.06011508560181
102900011023976,水生根茎类,2023-07-04,0.87,1.74,7.232154,6.291973886489868,12.583947772979736,6.291973886489868
102900011024010,水生根茎类,2023-07-04,14.71,29.42,2.5451329,37.43890459775925,74.8778091955185,37.43890459775925
102900011026502,花叶类,2023-07-04,12.66,22.56012,1.5196795,19.23914305686951,34.28415292734147,15.045009870471956
102900011026618,花叶类,2023-07-04,2.8,4.989599999999999,3.8830345,10.872496509552,19.374788780021664,8.502292270469663
102900011026793,食用菌,2023-07-04,3.15,5.2730999999999995,2.9631166,9.333817434310912,15.624810385036467,6.290992950725554
102900011027462,花叶类,2023-07-04,5.51,9.81882,4.7680573,26.271995978355406,46.81669683342934,20.544700855073934
102900011027479,辣椒类,2023-07-04,12.97,24.980220000000003,2.4142852,31.313278822898866,60.30937501290322,28.996096190004355
102900011027615,花叶类,2023-07-04,6.3,11.2266,2.0259845,12.763702511787415,22.74491787600517,9.981215364217757
102900011028407,辣椒类,2023-07-04,3.0,5.7780000000000005,2.4790797,7.437239170074463,14.324122641563417,6.886883471488954
102900011029176,辣椒类,2023-07-04,0.89,1.7141400000000002,4.0639973,3.6169575691223144,6.966260278129578,3.3493027090072642
102900011029275,辣椒类,2023-07-04,13.01,25.057260000000003,1.5057824,19.590228579044343,37.73078024323941,18.140551664195065
102900011029299,辣椒类,2023-07-04,13.95,26.8677,1.4972943,20.88725557923317,40.22885424560308,19.341598666369915
102900011029305,辣椒类,2023-07-04,14.71,28.331460000000003,1.3282545,19.538623125553134,37.631388139815336,18.092765014262202
102900011029688,花叶类,2023-07-04,3.4,6.0588,3.0014284,10.20485644340515,18.18505418214798,7.980197738742828
102900011030042,花叶类,2023-07-04,0.14,0.24948000000000004,15.802251,2.2123151206970215,3.942345545082093,1.730030424385071
102900011030059,花叶类,2023-07-04,3.49,6.219180000000001,24.955357,87.09419452667237,155.20185464653017,68.1076601198578
102900011030097,花叶类,2023-07-04,2.84,5.06088,20.146973,57.217402343749995,101.9614109765625,44.7440086328125
102900011030103,花叶类,2023-07-04,0.97,1.72854,11.334355,10.99432469367981,19.59188660413742,8.59756191045761
102900011030110,花叶类,2023-07-04,4.07,7.25274,11.548807,47.00364507675171,83.76049552677155,36.75685045001983
102900011030134,花叶类,2023-07-04,2.16,3.84912,6.5172,14.077151985168458,25.085484837570192,11.008332852401733
102900011030141,花叶类,2023-07-04,2.01,3.5818199999999996,7.976041,16.03184208869934,28.568742602062223,12.536900513362882
102900011030158,花叶类,2023-07-04,1.07,1.90674,8.849145,9.468585081100464,16.873018614521026,7.404433533420563
102900011030400,花叶类,2023-07-04,14.71,26.213220000000003,3.4367728,50.55492823123932,90.08888210806847,39.53395387682916
102900011030417,花叶类,2023-07-04,14.71,26.213220000000003,1.6193892,23.821214784383777,42.44940474577189,18.628189961388117
102900011030561,食用菌,2023-07-04,12.42,20.791079999999997,1.5526206,19.283548464775084,32.28066013003349,12.997111665258403
102900011030608,食用菌,2023-07-04,5.1,8.5374,2.4429355,12.458970880508422,20.8563172539711,8.397346373462678
102900011030615,食用菌,2023-07-04,10.37,17.359379999999998,1.771112,18.366431078910825,30.745405626096723,12.378974547185896
102900011030622,食用菌,2023-07-04,14.56,24.37344,1.9952863,29.051369190216064,48.63199202442169,19.580622834205624
102900011030639,食用菌,2023-07-04,14.71,24.62454,1.9223673,28.278023488521576,47.33741131978512,19.05938783126354
102900011030905,花叶类,2023-07-04,3.16,5.63112,2.499991,7.899971370697022,14.077748982582092,6.1777776118850705
102900011030912,食用菌,2023-07-04,2.59,4.33566,3.4186325,8.854258193969725,14.822028216705322,5.967770022735595
102900011030929,食用菌,2023-07-04,1.3,2.1762,4.159104,5.4068350315094,9.051041842746736,3.6442068112373356
102900011031100,辣椒类,2023-07-04,2.11,4.06386,21.403881,45.162189064025874,86.98237613731385,41.82018707328797
102900011031216,花叶类,2023-07-04,5.12,9.12384,2.2518647,11.529547119140625,20.54565296630859,9.016105847167967
102900011031582,辣椒类,2023-07-04,0.92,1.7719200000000002,6.953524,6.397242183685303,12.321088445777894,5.923846262092591
102900011031599,食用菌,2023-07-04,1.96,3.28104,3.8429358,7.5321541690826415,12.608826079044341,5.076671909961701
102900011031735,辣椒类,2023-07-04,3.79,7.29954,2.9717784,11.263040108680725,21.69261524931908,10.429575140638352
102900011031742,辣椒类,2023-07-04,2.06,3.9675600000000006,3.475741,7.160026273727417,13.790210603199007,6.63018432947159
102900011031759,辣椒类,2023-07-04,3.48,6.70248,2.8795435,10.020811529159547,19.300083005161287,9.27927147600174
102900011031841,食用菌,2023-07-04,0.1,0.1674,10.723742,1.072374153137207,1.7951543323516845,0.7227801792144775
102900011031858,食用菌,2023-07-04,0.1,0.1674,14.250939,1.425093936920166,2.385607250404358,0.9605133134841917
102900011031926,食用菌,2023-07-04,2.6,4.3524,3.6912513,9.597253322601318,16.065802062034606,6.468548739433289
102900011031995,食用菌,2023-07-04,1.61,2.69514,9.710876,15.634511108398438,26.172171595458984,10.537660487060545
102900011032022,辣椒类,2023-07-04,2.1,4.044600000000001,10.873152,22.83361873626709,43.97754968605042,21.143930949783332
102900011032114,水生根茎类,2023-07-04,3.8,7.6,3.0600145,11.628055047988891,23.256110095977782,11.628055047988891
102900011032176,花叶类,2023-07-04,1.85,3.2967000000000004,3.4726884,6.424473607540131,11.448411968636513,5.023938361096383
102900011032206,辣椒类,2023-07-04,0.1,0.19260000000000002,7.455253,0.7455253124237061,1.435881751728058,0.690356439304352
102900011032213,辣椒类,2023-07-04,3.23,6.220980000000001,3.395775,10.968353507518769,21.12504885548115,10.156695347962382
102900011032220,辣椒类,2023-07-04,3.92,7.54992,4.567637,17.905136909484863,34.48529368766785,16.580156778182985
102900011032237,辣椒类,2023-07-04,2.55,4.9113,2.936878,7.489038813114166,14.423888754057884,6.934849940943717
102900011032244,辣椒类,2023-07-04,3.1,5.970600000000001,3.4291804,10.630459189414978,20.47426439881325,9.843805209398273
102900011032251,辣椒类,2023-07-04,4.29,8.262540000000001,11.14962,47.831870040893556,92.124181698761,44.292311657867444
102900011032282,花叶类,2023-07-04,2.5,4.455,7.5543365,18.885841369628906,33.65456932067871,14.768727951049804
102900011032343,辣椒类,2023-07-04,12.13,23.36238,1.7939878,21.761071419715883,41.91182355437279,20.15075213465691
102900011032350,辣椒类,2023-07-04,9.23,17.776980000000002,1.3999324,12.921375908851624,24.88657000044823,11.965194091596604
102900011032367,辣椒类,2023-07-04,11.51,22.16826,1.3947196,16.053222603797913,30.91850673491478,14.865284131116868
102900011032480,花叶类,2023-07-04,12.07,21.50874,1.2940812,15.61956021785736,27.834056308221815,12.214496090364456
102900011032589,花叶类,2023-07-04,4.1,7.3062,2.344388,9.61199083328247,17.12856766490936,7.516576831626892
102900011032619,食用菌,2023-07-04,11.18,18.71532,5.0414767,56.36370980262756,94.35285020959853,37.98914040697097
102900011032626,食用菌,2023-07-04,7.35,12.303899999999999,1.4175076,10.418681216239928,17.44087235598564,7.022191139745711
102900011032633,食用菌,2023-07-04,7.14,11.952359999999999,2.0399659,14.56535629749298,24.382406442003248,9.817050144510267
102900011032640,食用菌,2023-07-04,8.88,14.865120000000001,1.465889,13.017094116210938,21.79061555053711,8.773521434326172
102900011032732,水生根茎类,2023-07-04,13.69,27.38,1.7755926,24.30786222219467,48.61572444438934,24.30786222219467
102900011032787,花叶类,2023-07-04,1.08,1.92456,14.536346,15.699254150390626,27.976070895996095,12.276816745605469
102900011032848,辣椒类,2023-07-04,2.33,4.48758,6.873201,16.01455808162689,30.844038865213395,14.829480783586504
102900011033081,花叶类,2023-07-04,4.96,8.83872,2.1478503,10.653337364196778,18.984247182998658,8.330909818801882
102900011033173,花叶类,2023-07-04,11.22,19.994040000000002,1.3283057,14.9035901927948,26.558197723560337,11.654607530765535
102900011033234,花叶类,2023-07-04,0.1,0.17820000000000003,20.28414,2.0284139633178713,3.614633682632447,1.5862197193145755
102900011033241,花叶类,2023-07-04,4.69,8.35758,5.9809675,28.050737676620486,49.9864145397377,21.93567686311722
102900011033531,花叶类,2023-07-04,11.99,21.36618,1.5930468,19.10063094496727,34.03732434393167,14.936693398964405
102900011033562,花叶类,2023-07-04,12.0,21.384,1.5262783,18.31533908843994,32.63793425559997,14.322595167160035
102900011033586,花叶类,2023-07-04,12.0,21.384,1.9689444,23.627333164215088,42.10390769863129,18.476574534416198
102900011033906,花叶类,2023-07-04,0.3,0.5346,38.07722,11.423166275024414,20.356082302093505,8.93291602706909
102900011033913,花菜类,2023-07-04,8.58,13.61646,2.1414874,18.373961548805237,29.15947697795391,10.785515429148674
102900011033920,花叶类,2023-07-04,5.54,9.87228,3.2709658,18.121150612831116,32.29189039206505,14.170739779233932
102900011033937,食用菌,2023-07-04,5.81,9.72594,2.4982805,14.515009851455687,24.29812649133682,9.783116639881134
102900011033944,食用菌,2023-07-04,8.14,13.62636,2.911657,23.700888752937317,39.67528777241707,15.97439901947975
102900011033968,食用菌,2023-07-04,12.61,21.109139999999996,1.4550581,18.34828261375427,30.715025095424647,12.366742481670375
102900011033975,茄类,2023-07-04,0.12,0.20064,7.6092224,0.913106689453125,1.526714384765625,0.6136076953125001
102900011033982,茄类,2023-07-04,4.34,7.256480000000001,2.460482,10.678491368293761,17.854437567787173,7.17594619949341
102900011033999,茄类,2023-07-04,6.18,10.33296,2.3691273,14.641206550598143,24.480097352600097,9.838890802001954
102900011034026,花菜类,2023-07-04,8.39,13.31493,6.3648214,53.400851831436164,84.74715185648918,31.346300025053022
102900011034200,花叶类,2023-07-04,1.59,2.83338,6.112859,9.719445447921753,17.320051788196565,7.60060634027481
102900011034217,花叶类,2023-07-04,5.74,10.22868,4.142776,23.779534311294558,42.3751301427269,18.595595831432345
102900011034224,花叶类,2023-07-04,1.98,3.52836,7.326019,14.50551724433899,25.84883172941208,11.34331448507309
102900011034231,花叶类,2023-07-04,1.36,2.4235200000000003,21.407251,29.11386184692383,51.880901811218266,22.76703996429444
102900011034262,辣椒类,2023-07-04,0.1,0.19260000000000002,7.455253,0.7455253124237061,1.435881751728058,0.690356439304352
102900011034316,花叶类,2023-07-04,4.21,7.50222,11.041931,46.486530151367184,82.83899672973634,36.352466578369146
102900011034323,花叶类,2023-07-04,14.71,26.213220000000003,1.3684316,20.12962836742401,35.870997750749595,15.74136938332558
102900011034330,食用菌,2023-07-04,3.41,5.70834,10.74362,36.635743923187256,61.32823532741546,24.692491404228207
102900011034354,花叶类,2023-07-04,3.27,5.82714,5.207508,17.028551445007324,30.344878675003052,13.316327229995727
102900011034439,辣椒类,2023-07-04,3.32,6.3943200000000004,3.4930632,11.596969861984253,22.335763954181672,10.73879409219742
102900011034538,食用菌,2023-07-04,1.2,2.0088,3.5998232,4.319787883758544,7.231324917411804,2.9115370336532593
102900011034569,水生根茎类,2023-07-04,2.0,4.0,4.411789,8.823577880859375,17.64715576171875,8.823577880859375
102900011034705,食用菌,2023-07-04,6.7,11.2158,2.571679,17.230250072479247,28.84343862133026,11.613188548851012
102900011035078,辣椒类,2023-07-04,12.72,24.498720000000002,2.214448,28.167778244018557,54.25114089797974,26.083362653961185
102900011035481,花叶类,2023-07-04,3.58,6.379560000000001,4.7967176,17.1722491645813,30.600948011283876,13.428698846702577
102900011035511,水生根茎类,2023-07-04,3.22,6.44,4.4867716,14.447404499053956,28.894808998107912,14.447404499053956
102900011035740,食用菌,2023-07-04,3.12,5.22288,2.9339507,9.153926067352295,15.323672236747742,6.169746169395446
102900011035764,花叶类,2023-07-04,7.69,13.70358,2.1066585,16.200203547477724,28.868762721605304,12.668559174127578
102900011035771,花叶类,2023-07-04,7.58,13.50756,1.7594819,13.336872854232789,23.76630742624283,10.42943457201004
102900011035788,食用菌,2023-07-04,2.48,4.15152,11.484255,28.48095199584961,47.677113641052244,19.196161645202633
102900011035849,花叶类,2023-07-04,2.99,5.328180000000001,4.816129,14.400226330757143,25.66120332140923,11.260976990652086
102900011035962,水生根茎类,2023-07-04,0.1,0.2,7.238632,0.7238632202148438,1.4477264404296877,0.7238632202148438
102900011036068,食用菌,2023-07-04,2.85,4.7709,4.044865,11.527865624427795,19.29764705529213,7.7697814308643345
102900011036242,辣椒类,2023-07-04,3.88,7.47288,2.6977694,10.467345285415648,20.16010701971054,9.692761734294892
102900011036266,食用菌,2023-07-04,3.4,5.691599999999999,2.9339507,9.97543225288391,16.698873591327665,6.723441338443754
102900011036686,花叶类,2023-07-04,1.53,2.72646,3.640062,5.569295003414154,9.924483696084023,4.355188692669868
102900051000463,茄类,2023-07-04,3.2,5.3504000000000005,2.7400148,8.768047332763672,14.660175140380861,5.892127807617189
102900051000890,花叶类,2023-07-04,3.99,7.110180000000001,2.7158444,10.836219127178193,19.31014248463154,8.473923357453348
102900051000944,水生根茎类,2023-07-04,14.71,29.42,4.2655015,62.74552705287934,125.49105410575868,62.74552705287934
102900051004294,辣椒类,2023-07-04,0.1,0.19260000000000002,16.094078,1.6094078063964845,3.099719435119629,1.4903116287231448
102900051006229,水生根茎类,2023-07-04,2.99,5.98,6.207897,18.561612586975098,37.123225173950196,18.561612586975098
102900051009220,花叶类,2023-07-04,7.28,12.97296,3.0757108,22.39117443084717,39.901072835769654,17.509898404922485
102900051009336,食用菌,2023-07-04,10.18,17.04132,1.4536722,14.798382697105406,24.77249263495445,9.974109937849043
102900051010455,花叶类,2023-07-04,4.48,7.983360000000001,5.0132904,22.459541015625003,40.022902089843754,17.563361074218754
102900051010790,花叶类,2023-07-04,10.28,18.31896,1.375941,14.144673871994017,25.205808839893344,11.061134967899324
106930274220092,食用菌,2023-07-04,2.53,4.235219999999999,3.5095458,8.879150881767272,14.863698576078411,5.984547694311139
106930274620090,食用菌,2023-07-04,2.58,4.31892,9.58164,24.720631828308107,41.382337680587774,16.661705852279667
106931885000035,食用菌,2023-07-04,4.0,6.696,2.7173274,10.869309425354004,18.195223978042602,7.325914552688598
106931885000356,食用菌,2023-07-04,8.12,13.592879999999997,1.69383,13.753899707794188,23.024028110847468,9.270128403053281
106949711300068,食用菌,2023-07-04,1.99,3.33126,5.89221,11.725497913360595,19.628483506965637,7.902985593605041
106949711300167,食用菌,2023-07-04,4.02,6.729479999999999,17.987696,72.3105366897583,121.04783841865537,48.73730172889708
106949711300259,食用菌,2023-07-04,1.45,2.4273,18.890291,27.390922260284423,45.85240386371612,18.4614816034317
106956146480197,食用菌,2023-07-04,1.0,1.674,4.938377,4.9383769035339355,8.266842936515808,3.328466032981872
106956146480203,食用菌,2023-07-04,2.1,3.5154,5.458411,11.462663555145264,19.188498791313172,7.7258352361679075
106957634300010,食用菌,2023-07-04,3.9,6.5286,5.43315,21.18928427696228,35.47086187963486,14.281577602672577
106957634300058,食用菌,2023-07-04,2.1,3.5154,4.7382703,9.95036759376526,16.656915351963043,6.706547758197784
106958851400125,食用菌,2023-07-04,2.39,4.00086,7.1245,17.0275545167923,28.504126261110308,11.47657174431801
106971533450003,食用菌,2023-07-04,1.95,3.2643,10.132882,19.75912013053894,33.07676709852218,13.317646967983245
106971533455008,食用菌,2023-07-04,1.9,3.1805999999999996,11.383417,21.628492546081542,36.2060965221405,14.577603976058956
106971563780002,花叶类,2023-07-04,3.0,5.346,4.2163,12.648900032043457,22.54033985710144,9.891439825057983
106972776821582,花叶类,2023-07-04,3.38,6.02316,10.001281,33.804329051971436,60.239314370613094,26.43498531864166
106973223300667,食用菌,2023-07-04,5.0,8.37,4.0483403,20.24170160293579,33.88460848331451,13.64290688037872
106973990980123,食用菌,2023-07-04,2.03,3.3982199999999994,7.33016,14.880225086212157,24.909496794319146,10.029271708106991
102900005115168,花叶类,2023-07-05,2.2,3.9204000000000003,7.426112,16.337446784973146,29.113330170822145,12.775883385849
102900005115199,花叶类,2023-07-05,14.71,26.213220000000003,3.1872318,46.884179470539095,83.54760781650067,36.66342834596158
102900005115250,食用菌,2023-07-05,14.71,24.62454,5.414721,79.65054608821869,133.33501415167808,53.68446806345939
102900005115625,花叶类,2023-07-05,3.0,5.346,2.5281208,7.584362268447876,13.515333562374115,5.930971293926239
102900005115748,花叶类,2023-07-05,2.64,4.70448,8.783019,23.187170333862305,41.319537534942626,18.132367201080324
102900005115762,花叶类,2023-07-05,2.21,3.93822,8.7249365,19.282109632492066,34.360719365100856,15.078609732608793
102900005115779,花叶类,2023-07-05,5.68,10.12176,4.0534964,23.023859329223633,41.028517324676514,18.00465799545288
102900005115786,花叶类,2023-07-05,2.15,3.8312999999999997,13.534283,29.098707771301267,51.85389724845886,22.75518947715759
102900005115793,花叶类,2023-07-05,11.82,21.06324,2.8279605,33.42649300575256,59.56601053625107,26.139517530498505
102900005115816,花叶类,2023-07-05,4.47,7.96554,5.1543183,23.03980294704437,41.056928851633074,18.0171259045887
102900005115823,花叶类,2023-07-05,4.09,7.28838,5.3866243,22.031293535232543,39.259765079784394,17.22847154455185
102900005115854,花叶类,2023-07-05,2.29,4.08078,3.498974,8.012650654315948,14.278543465991019,6.265892811675071
102900005115861,花叶类,2023-07-05,2.0,3.564,4.6690145,9.338028907775879,16.640367513656617,7.302338605880737
102900005115878,花叶类,2023-07-05,8.42,15.00444,6.54752,55.130119752883914,98.24187339963913,43.111753646755226
102900005115885,花叶类,2023-07-05,6.22,11.08404,3.0234737,18.806006660461424,33.51230386894226,14.706297208480835
102900005115908,花叶类,2023-07-05,4.62,8.23284,3.43061,15.849417929649354,28.243662750635146,12.394244820985792
102900005115946,花叶类,2023-07-05,3.12,5.55984,6.6107087,20.625411186218262,36.754482733840945,16.129071547622683
102900005115960,花叶类,2023-07-05,1.64,2.9224799999999997,8.766551,14.377143669128417,25.620070018386837,11.242926349258422
102900005115977,花叶类,2023-07-05,14.17,25.25094,1.6535735,23.431136679649352,41.75428556313515,18.323148883485793
102900005115984,花叶类,2023-07-05,2.66,4.74012,3.7909448,10.083913207054138,17.969533334970475,7.885620127916336
102900005116219,辣椒类,2023-07-05,11.28,21.72528,1.4833666,16.7323753452301,32.22655491491318,15.494179569683078
102900005116226,辣椒类,2023-07-05,5.13,9.88038,2.5161278,12.907735741138458,24.86029903743267,11.952563296294214
102900005116233,辣椒类,2023-07-05,9.31,17.931060000000002,1.5531994,14.460286511182785,27.85051182053805,13.390225309355262
102900005116257,茄类,2023-07-05,3.43,5.734960000000001,10.741361,36.84286707878113,61.601273755722055,24.758406676940925
102900005116509,茄类,2023-07-05,3.98,6.654560000000001,3.3895705,13.490490489006042,22.556100097618106,9.065609608612064
102900005116530,食用菌,2023-07-05,12.0,20.088,6.3454676,76.14561080932617,127.46775249481202,51.322141685485846
102900005116547,食用菌,2023-07-05,9.36,15.668639999999998,9.687689,90.67676742553711,151.7929086703491,61.116141244812
102900005116639,花叶类,2023-07-05,7.22,12.86604,1.5472589,11.171208925247193,19.907094304790498,8.735885379543305
102900005116714,花菜类,2023-07-05,7.59,12.04533,14.719813,111.7233833026886,177.3050093013668,65.5816259986782
102900005116790,花叶类,2023-07-05,10.0,17.82,2.8969448,28.96944761276245,51.62355564594269,22.654108033180236
102900005116806,花叶类,2023-07-05,2.0,3.564,4.4606323,8.9212646484375,15.897693603515625,6.976428955078125
102900005116837,食用菌,2023-07-05,7.4,12.3876,1.6520097,12.224871969223024,20.46443567647934,8.239563707256318
102900005116899,水生根茎类,2023-07-05,10.38,20.76,7.0067267,72.72982357978822,145.45964715957643,72.72982357978822
102900005116905,辣椒类,2023-07-05,5.0,9.63,1.8902556,9.45127785205841,18.2031611430645,8.75188329100609
102900005116912,食用菌,2023-07-05,8.48,14.19552,1.5371091,13.03468547821045,21.82006349052429,8.785378012313842
102900005116943,辣椒类,2023-07-05,9.13,17.584380000000003,1.4992743,13.688373937606812,26.36380820383072,12.675434266223911
102900005117056,辣椒类,2023-07-05,10.0,19.26,7.7384143,77.38414287567139,149.0418591785431,71.65771630287172
102900005117209,辣椒类,2023-07-05,14.71,28.331460000000003,1.3359041,19.6511496257782,37.84811417924882,18.196964553470615
102900005117353,食用菌,2023-07-05,1.0,1.674,4.159104,4.159103870391846,6.96233987903595,2.8032360086441037
102900005118572,花叶类,2023-07-05,1.6,2.8512000000000004,4.6559186,7.449469757080078,13.274955107116702,5.825485350036622
102900005118817,花叶类,2023-07-05,9.66,17.21412,3.4465985,33.29414179801941,59.33016068407059,26.03601888605118
102900005118824,水生根茎类,2023-07-05,11.67,23.34,3.4422693,40.17128302574158,80.34256605148316,40.17128302574158
102900005118831,花叶类,2023-07-05,4.4,7.840800000000001,11.236202,49.439289855957036,88.10081452331544,38.6615246673584
102900005119098,食用菌,2023-07-05,14.36,24.038639999999997,1.6673062,23.942516813278196,40.0797731454277,16.1372563321495
102900005119104,食用菌,2023-07-05,2.5,4.185,4.0325193,10.081298351287842,16.876093440055847,6.794795088768004
102900005119944,食用菌,2023-07-05,10.83,18.12942,2.1905344,23.723487045764923,39.71311731461048,15.989630268845557
102900005119968,辣椒类,2023-07-05,8.0,15.408000000000001,1.3378265,10.702611923217773,20.613230564117433,9.91061864089966
102900005119975,花叶类,2023-07-05,2.6,4.6332,6.009627,15.625029850006104,27.84380319271088,12.218773342704775
102900005122654,花叶类,2023-07-05,4.2,7.484400000000001,3.9503138,16.591317987442018,29.565728653621676,12.97441066617966
102900005123880,辣椒类,2023-07-05,8.44,16.25544,1.5504285,13.085616621971129,25.2028976139164,12.117280991945268
102900005125808,辣椒类,2023-07-05,14.71,28.331460000000003,3.0101662,44.279544334411625,85.28240238807679,41.00285805366517
102900005125815,食用菌,2023-07-05,5.81,9.72594,2.5461054,14.792872285842895,24.763268206501007,9.970395920658111
102900005128748,花叶类,2023-07-05,14.71,26.213220000000003,1.3283057,19.539377160072327,34.81917009924889,15.279792939176563
102900011000175,花叶类,2023-07-05,5.43,9.67626,9.243772,50.19367953300476,89.44513692781447,39.25145739480972
102900011000328,辣椒类,2023-07-05,8.97,17.276220000000002,6.193216,55.55314614772797,106.99535948052407,51.44221333279611
102900011000335,茄类,2023-07-05,1.0,1.6720000000000002,4.7787194,4.778719425201416,7.990018878936768,3.2112994537353523
102900011000571,花叶类,2023-07-05,5.8,10.3356,3.1573715,18.312754821777343,32.63332909240722,14.320574270629882
102900011000632,花菜类,2023-07-05,9.51,15.092369999999999,1.6516243,15.706947301626204,24.926925367680788,9.219978066054582
102900011000861,辣椒类,2023-07-05,12.0,23.112000000000002,1.4228413,17.074095726013184,32.884708368301396,15.810612642288211
102900011001219,辣椒类,2023-07-05,10.4,20.030400000000004,1.3653657,14.199803733825684,27.34882199134827,13.149018257522588
102900011001561,水生根茎类,2023-07-05,1.33,2.66,5.8106184,7.7281224727630615,15.456244945526123,7.7281224727630615
102900011001691,水生根茎类,2023-07-05,9.16,18.32,2.6772645,24.523742380142213,49.047484760284426,24.523742380142213
102900011001806,食用菌,2023-07-05,5.69,9.52506,3.2890654,18.714781904220583,31.32854490766525,12.613763003444669
102900011001813,食用菌,2023-07-05,1.73,2.89602,6.0033417,10.38578109741211,17.38579755706787,7.000016459655762
102900011002414,花叶类,2023-07-05,13.71,24.431220000000003,1.4609557,20.029703181982043,35.692931070292,15.66322788830996
102900011006689,花叶类,2023-07-05,3.61,6.43302,5.397873,19.486321258544923,34.72462448272705,15.238303224182129
102900011006948,花叶类,2023-07-05,9.19,16.37658,2.8021753,25.751990854740143,45.890047703146934,20.138056848406794
102900011006955,花叶类,2023-07-05,10.0,17.82,1.7756445,17.75644540786743,31.641985716819764,13.885540308952333
102900011007044,食用菌,2023-07-05,3.18,5.32332,2.84804,9.056767530441284,15.16102884595871,6.104261315517425
102900011007464,花叶类,2023-07-05,6.13,10.92366,1.6287893,9.984478443861008,17.792340586960314,7.8078621430993085
102900011007471,花叶类,2023-07-05,11.18,19.92276,1.3909838,15.551199107170104,27.712236808977128,12.161037701807023
102900011007495,花叶类,2023-07-05,10.06,17.926920000000003,1.3531997,13.613189187049866,24.258703131322864,10.645513944272999
102900011007969,水生根茎类,2023-07-05,5.29,10.58,2.4207058,12.805533657073974,25.61106731414795,12.805533657073974
102900011008133,花叶类,2023-07-05,14.71,26.213220000000003,1.4609557,21.490658921003345,38.29635419722796,16.80569527622462
102900011008164,花叶类,2023-07-05,2.56,4.56192,9.049786,23.167451171875,41.28439798828125,18.116946816406248
102900011008485,花叶类,2023-07-05,8.09,14.41638,2.8898933,23.379236743450164,41.66179987682819,18.28256313337803
102900011008492,花叶类,2023-07-05,4.31,7.68042,4.503558,19.410335664749145,34.58921815458297,15.178882489833832
102900011008515,花叶类,2023-07-05,5.09,9.07038,1.9442396,9.896179647445678,17.6349921317482,7.738812484302521
102900011008522,花叶类,2023-07-05,3.15,5.6133,7.0857224,22.320025706291197,39.77428580861091,17.454260102319715
102900011008577,食用菌,2023-07-05,4.17,6.98058,2.6504047,11.052187564373016,18.50136198276043,7.449174418387413
102900011008676,花叶类,2023-07-05,11.17,19.90494,1.4484594,16.17929135084152,28.83149718719959,12.65220583635807
102900011009246,食用菌,2023-07-05,7.38,12.35412,1.4749831,10.885375249385834,18.222118167471887,7.336742918086052
102900011009277,水生根茎类,2023-07-05,2.71,5.42,5.6119046,15.208261523246765,30.41652304649353,15.208261523246765
102900011009444,茄类,2023-07-05,5.01,8.37672,3.7729943,18.902701342105864,31.60531664400101,12.702615301895145
102900011009772,辣椒类,2023-07-05,14.71,28.331460000000003,1.4940615,21.97764422416687,42.328942775745396,20.351298551578527
102900011009970,花菜类,2023-07-05,7.13,11.31531,6.663907,47.51365727424621,75.40417409422875,27.89051681998253
102900011010563,食用菌,2023-07-05,14.71,24.62454,1.3909838,20.46137199163437,34.25233671399593,13.790964722361563
102900011010891,水生根茎类,2023-07-05,9.11,18.22,3.0130224,27.448634271621703,54.897268543243406,27.448634271621703
102900011011058,食用菌,2023-07-05,14.71,24.62454,1.4152155,20.817819890975954,34.84903049749374,14.03121060651779
102900011011546,食用菌,2023-07-05,1.0,1.674,4.1221285,4.122128486633301,6.900443086624145,2.7783145999908445
102900011011669,食用菌,2023-07-05,6.37,10.66338,1.9518263,12.433133747577667,20.813065893445014,8.379932145867347
102900011012482,食用菌,2023-07-05,6.04,10.11096,2.516447,15.199340286254882,25.443695639190675,10.244355352935791
102900011012871,食用菌,2023-07-05,14.71,24.62454,1.3158092,19.355554065704347,32.401197505989074,13.045643440284728
102900011012994,食用菌,2023-07-05,4.18,6.997319999999999,5.298239,22.146639986038206,37.07347533662796,14.92683535058975
102900011013274,食用菌,2023-07-05,3.29,5.50746,2.6766675,8.806235916614533,14.741638924412728,5.935403007798195
102900011015384,花叶类,2023-07-05,14.71,26.213220000000003,1.5047613,22.135039285421374,39.44464000662089,17.309600721199516
102900011015391,花叶类,2023-07-05,2.0,3.564,3.9328427,7.86568546295166,14.01665149497986,6.150966032028198
102900011016701,辣椒类,2023-07-05,3.63,6.99138,13.453606,48.83658851623535,94.05926948226929,45.22268096603394
102900011016909,茄类,2023-07-05,9.66,16.15152,1.4679359,14.180260984897613,23.709396366748813,9.529135381851198
102900011018095,食用菌,2023-07-05,3.73,6.24402,5.7146173,21.315522351264953,35.682184416017535,14.366662064752578
102900011018132,水生根茎类,2023-07-05,14.71,29.42,1.8314463,26.940574926137927,53.881149852275854,26.940574926137927
102900011021644,花叶类,2023-07-05,6.13,10.92366,4.121384,25.26408480167389,45.02059911658287,19.75651431490898
102900011021675,食用菌,2023-07-05,12.01,20.10474,1.5262783,18.33060187101364,30.685427532076837,12.354825661063193
102900011021699,食用菌,2023-07-05,14.71,24.62454,1.3975825,20.55843903064728,34.414826937303545,13.856387906656263
102900011021842,水生根茎类,2023-07-05,7.36,14.72,6.9330482,51.02723510742188,102.05447021484376,51.02723510742188
102900011022030,辣椒类,2023-07-05,2.4,4.6224,3.6469917,8.752780151367187,16.857854571533203,8.105074420166016
102900011022764,茄类,2023-07-05,7.0,11.704,5.0840354,35.588247776031494,59.50355028152466,23.915302505493166
102900011022849,花叶类,2023-07-05,0.6,1.0692,15.475204,9.285122680664061,16.546088616943358,7.260965936279296
102900011022924,花叶类,2023-07-05,1.4,2.4947999999999997,12.707768,17.790875816345213,31.703340704727168,13.912464888381955
102900011023075,食用菌,2023-07-05,3.0,5.022,2.8811953,8.643585920333862,14.469362830638886,5.825776910305024
102900011023464,花叶类,2023-07-05,2.7,4.811400000000001,5.435071,14.674691677093508,26.150300568580633,11.475608891487125
102900011023976,水生根茎类,2023-07-05,0.87,1.74,7.5469728,6.565866293907166,13.131732587814332,6.565866293907166
102900011024010,水生根茎类,2023-07-05,14.71,29.42,2.6837726,39.47829441547394,78.95658883094788,39.47829441547394
102900011026502,花叶类,2023-07-05,12.66,22.56012,1.5864481,20.08443260908127,35.79045890938282,15.706026300301554
102900011026618,花叶类,2023-07-05,2.8,4.989599999999999,3.8421102,10.75790843963623,19.17059283943176,8.41268439979553
102900011026793,食用菌,2023-07-05,3.15,5.2730999999999995,2.8811953,9.075765216350556,15.192830972170828,6.117065755820273
102900011027462,花叶类,2023-07-05,5.51,9.81882,4.6920967,25.85345287322998,46.070853020095825,20.21740014686585
102900011027479,辣椒类,2023-07-05,12.97,24.980220000000003,2.602436,33.753595771789556,65.00942545646669,31.25582968467713
102900011027615,花叶类,2023-07-05,6.3,11.2266,2.2081013,13.911038017272949,24.789469746780394,10.878431729507446
102900011028407,辣椒类,2023-07-05,3.0,5.7780000000000005,2.5248556,7.574566841125488,14.588615736007691,7.014048894882204
102900011029176,辣椒类,2023-07-05,0.89,1.7141400000000002,4.2956333,3.823113651275635,7.363316892356874,3.5402032410812385
102900011029275,辣椒类,2023-07-05,13.01,25.057260000000003,1.5725509,20.458887115716934,39.40381658487082,18.944929469153887
102900011029299,辣椒类,2023-07-05,13.95,26.8677,1.5321248,21.373140370845793,41.164668354249,19.791527983403206
102900011029305,辣椒类,2023-07-05,14.71,28.331460000000003,1.370677,20.162658586502076,38.833280437603,18.670621851100925
102900011029688,花叶类,2023-07-05,3.4,6.0588,3.0014284,10.20485644340515,18.18505418214798,7.980197738742828
102900011030042,花叶类,2023-07-05,0.14,0.24948000000000004,15.899908,2.225987129211426,3.9667090642547613,1.7407219350433354
102900011030059,花叶类,2023-07-05,3.49,6.219180000000001,25.81942,90.10977531433106,160.57561961013795,70.46584429580689
102900011030097,花叶类,2023-07-05,2.84,5.06088,22.313492,63.37031677246093,112.92590448852539,49.55558771606446
102900011030103,花叶类,2023-07-05,0.97,1.72854,12.084036,11.721514797210693,20.887739368629454,9.166224571418763
102900011030110,花叶类,2023-07-05,4.07,7.25274,11.485867,46.7474768447876,83.3040037374115,36.5565268926239
102900011030134,花叶类,2023-07-05,2.16,3.84912,6.3022704,13.612904090881349,24.25819508995056,10.645290999069214
102900011030141,花叶类,2023-07-05,2.01,3.5818199999999996,8.015955,16.112069492340087,28.711707835350033,12.599638343009946
102900011030158,花叶类,2023-07-05,1.07,1.90674,8.992269,9.621727361679078,17.145918158512117,7.524190796833039
102900011030400,花叶类,2023-07-05,14.71,26.213220000000003,3.4367728,50.55492823123932,90.08888210806847,39.53395387682916
102900011030417,花叶类,2023-07-05,14.71,26.213220000000003,1.6332365,24.024909318685534,42.81238840589762,18.78747908721209
102900011030561,食用菌,2023-07-05,12.42,20.791079999999997,1.6332365,20.28479767084122,33.956751300988195,13.671953630146977
102900011030608,食用菌,2023-07-05,5.1,8.5374,2.6041617,13.281224870681761,22.23277043352127,8.95154556283951
102900011030615,食用菌,2023-07-05,10.37,17.359379999999998,1.8460389,19.14342378258705,32.04609141205072,12.90266762946367
102900011030622,食用菌,2023-07-05,14.56,24.37344,2.1130757,30.7663826751709,51.50292459823608,20.736541923065182
102900011030639,食用菌,2023-07-05,14.71,24.62454,1.9761466,29.06911617398262,48.6617004752469,19.592584301264285
102900011030905,花叶类,2023-07-05,3.16,5.63112,2.714979,8.579333429336549,15.288372171077729,6.70903874174118
102900011030912,食用菌,2023-07-05,2.59,4.33566,3.5605617,9.221854691505431,15.437384753580092,6.215530062074661
102900011030929,食用菌,2023-07-05,1.3,2.1762,4.159104,5.4068350315094,9.051041842746736,3.6442068112373356
102900011031100,辣椒类,2023-07-05,2.11,4.06386,22.907585,48.33500465393066,93.09321896347046,44.758214309539795
102900011031216,花叶类,2023-07-05,5.12,9.12384,2.457329,12.581524658203126,22.42027694091797,9.838752282714843
102900011031582,辣椒类,2023-07-05,0.92,1.7719200000000002,6.6613626,6.128453636169434,11.80340170326233,5.674948067092896
102900011031599,食用菌,2023-07-05,1.96,3.28104,4.0869155,8.01035436630249,13.409333209190368,5.398978842887878
102900011031735,辣椒类,2023-07-05,3.79,7.29954,2.9022975,10.99970751285553,21.185436669759753,10.185729156904221
102900011031742,辣椒类,2023-07-05,2.06,3.9675600000000006,3.6176703,7.452400813102722,14.353323966035845,6.900923152933123
102900011031759,辣椒类,2023-07-05,3.48,6.70248,2.912699,10.136192464828492,19.522306687259675,9.386114222431184
102900011031841,食用菌,2023-07-05,0.1,0.1674,10.728654,1.072865390777588,1.7959766641616821,0.7231112733840941
102900011031858,食用菌,2023-07-05,0.1,0.1674,13.310118,1.3310117721557617,2.228113706588745,0.8971019344329833
102900011031926,食用菌,2023-07-05,2.6,4.3524,3.7885396,9.85020308494568,16.48923996419907,6.639036879253388
102900011031995,食用菌,2023-07-05,1.61,2.69514,9.056811,14.581466245651246,24.409374495220185,9.827908249568937
102900011032022,辣椒类,2023-07-05,2.1,4.044600000000001,11.295644,23.720851993560792,45.686360939598096,21.9655089460373
102900011032114,水生根茎类,2023-07-05,3.8,7.6,3.0201824,11.4766930103302,22.9533860206604,11.4766930103302
102900011032176,花叶类,2023-07-05,1.85,3.2967000000000004,3.6450353,6.743315243721009,12.016587764310838,5.273272520589829
102900011032206,辣椒类,2023-07-05,0.1,0.19260000000000002,12.5901,1.2590100288391115,2.4248533155441288,1.1658432867050172
102900011032213,辣椒类,2023-07-05,3.23,6.220980000000001,3.5198548,11.369130952358246,21.896946214241986,10.527815261883738
102900011032220,辣椒类,2023-07-05,3.92,7.54992,4.2028627,16.475221939086914,31.731277454681397,15.256055515594484
102900011032237,辣椒类,2023-07-05,2.55,4.9113,2.936878,7.489038813114166,14.423888754057884,6.934849940943717
102900011032244,辣椒类,2023-07-05,3.1,5.970600000000001,3.511279,10.884965229034425,20.964443031120304,10.07947780208588
102900011032251,辣椒类,2023-07-05,4.29,8.262540000000001,11.534057,49.481103086471556,95.30060454454423,45.81950145807268
102900011032282,花叶类,2023-07-05,2.5,4.455,8.146903,20.367257595062256,36.29445303440094,15.927195439338684
102900011032343,辣椒类,2023-07-05,12.13,23.36238,1.8339106,22.24533538937569,42.844515959937574,20.599180570561888
102900011032350,辣椒类,2023-07-05,9.23,17.776980000000002,1.4761647,13.6250001680851,26.241750323731903,12.616750155646804
102900011032367,辣椒类,2023-07-05,11.51,22.16826,1.5057824,17.331555030345918,33.380574988446234,16.04901995810032
102900011032480,花叶类,2023-07-05,12.07,21.50874,1.3487504,16.27941675901413,29.00992066456318,12.730503905549048
102900011032589,花叶类,2023-07-05,4.1,7.3062,2.500362,10.251483869552612,18.268144255542754,8.016660385990143
102900011032619,食用菌,2023-07-05,11.18,18.71532,4.256365,47.586158714294434,79.65922968772888,32.07307097343444
102900011032626,食用菌,2023-07-05,7.35,12.303899999999999,1.4749831,10.841125756502151,18.1480445163846,7.306918759882449
102900011032633,食用菌,2023-07-05,7.14,11.952359999999999,2.2950923,16.38695933818817,27.431769932126997,11.044810593938825
102900011032640,食用菌,2023-07-05,8.88,14.865120000000001,1.5371091,13.64952913284302,22.849311768379213,9.199782635536193
102900011032732,水生根茎类,2023-07-05,13.69,27.38,1.9484184,26.673847606182097,53.347695212364194,26.673847606182097
102900011032787,花叶类,2023-07-05,1.08,1.92456,14.8776655,16.067878761291507,28.632959952621462,12.565081191329956
102900011032848,辣椒类,2023-07-05,2.33,4.48758,6.791186,15.823463044166566,30.475989823064808,14.652526778898242
102900011033081,花叶类,2023-07-05,4.96,8.83872,2.284023,11.328754310607911,20.187840181503297,8.859085870895386
102900011033173,花叶类,2023-07-05,11.22,19.994040000000002,1.3479869,15.12441342830658,26.951704729242326,11.827291300935746
102900011033234,花叶类,2023-07-05,0.1,0.17820000000000003,21.548252,2.154825210571289,3.8398985252380378,1.6850733146667485
102900011033241,花叶类,2023-07-05,4.69,8.35758,5.695169,26.71034247875214,47.59783029713631,20.88748781838417
102900011033531,花叶类,2023-07-05,11.99,21.36618,1.6068941,19.26666068434715,34.333189339506625,15.066528655159473
102900011033562,花叶类,2023-07-05,12.0,21.384,1.5930468,19.11656141281128,34.0657124376297,14.949151024818422
102900011033586,花叶类,2023-07-05,12.0,21.384,2.0867333,25.040800094604492,44.622705768585206,19.581905673980714
102900011033906,花叶类,2023-07-05,0.3,0.5346,42.933426,12.880027770996094,22.952209487915038,10.072181716918944
102900011033913,花菜类,2023-07-05,8.58,13.61646,2.2879946,19.63099386692047,31.15438726680279,11.523393399882316
102900011033920,花叶类,2023-07-05,5.54,9.87228,3.2538712,18.02644646167755,32.123127594709395,14.096681133031845
102900011033937,食用菌,2023-07-05,5.81,9.72594,2.6432276,15.357152223587034,25.7078728222847,10.350720598697663
102900011033944,食用菌,2023-07-05,8.14,13.62636,2.7357042,22.26863205432892,37.27769005894661,15.009058004617689
102900011033968,食用菌,2023-07-05,12.61,21.109139999999996,1.4550581,18.34828261375427,30.715025095424647,12.366742481670375
102900011033975,茄类,2023-07-05,0.12,0.20064,12.765808,1.53189697265625,2.5613317382812504,1.0294347656250002
102900011033982,茄类,2023-07-05,4.34,7.256480000000001,2.525398,10.960227389335632,18.32550019496918,7.3652728056335475
102900011033999,茄类,2023-07-05,6.18,10.33296,2.4389672,15.072817468643187,25.20175080757141,10.128933338928222
102900011034026,花菜类,2023-07-05,8.39,13.31493,6.8005986,57.05702243328095,90.54949460161686,33.492472168335915
102900011034200,花叶类,2023-07-05,1.59,2.83338,6.146463,9.772876038551331,17.41526510069847,7.64238906214714
102900011034217,花叶类,2023-07-05,5.74,10.22868,4.294374,24.64970669746399,43.925777334880834,19.27607063741684
102900011034224,花叶类,2023-07-05,1.98,3.52836,7.6817784,15.209921293258667,27.104079744586947,11.894158451328279
102900011034231,花叶类,2023-07-05,1.36,2.4235200000000003,20.56694,27.97103881835938,49.844391174316414,21.873352355957035
102900011034262,辣椒类,2023-07-05,0.1,0.19260000000000002,12.572466,1.2572465896606446,2.4214569316864014,1.164210342025757
102900011034316,花叶类,2023-07-05,4.21,7.50222,11.066235,46.588847618103024,83.0213264554596,36.43247883735657
102900011034323,花叶类,2023-07-05,14.71,26.213220000000003,1.4415579,21.2053164768219,37.78787396169663,16.58255748487473
102900011034330,食用菌,2023-07-05,3.41,5.70834,10.770379,36.72699261665344,61.48098564027786,24.753993023624417
102900011034354,花叶类,2023-07-05,3.27,5.82714,5.148112,16.834325652122498,29.99876831208229,13.164442659959793
102900011034439,辣椒类,2023-07-05,3.32,6.3943200000000004,3.405141,11.305068502426147,21.773561935672763,10.468493433246614
102900011034538,食用菌,2023-07-05,1.2,2.0088,3.6627078,4.395249366760254,7.357647439956665,2.962398073196411
102900011034569,水生根茎类,2023-07-05,2.0,4.0,4.7342267,9.468453407287598,18.936906814575195,9.468453407287598
102900011034705,食用菌,2023-07-05,6.7,11.2158,2.544551,17.04849100112915,28.539173935890197,11.490682934761047
102900011035078,辣椒类,2023-07-05,12.72,24.498720000000002,2.309773,29.38031215667725,56.58648121376038,27.206169057083134
102900011035481,花叶类,2023-07-05,3.58,6.379560000000001,5.0868006,18.210746059417726,32.45154947788239,14.240803418464663
102900011035511,水生根茎类,2023-07-05,3.22,6.44,4.8024654,15.463938713073732,30.927877426147464,15.463938713073732
102900011035740,食用菌,2023-07-05,3.12,5.22288,3.0320282,9.459927978515625,15.835919436035157,6.375991457519531
102900011035764,花叶类,2023-07-05,7.69,13.70358,2.2052467,16.958347022533417,30.21977439415455,13.261427371621131
102900011035771,花叶类,2023-07-05,7.58,13.50756,1.8888516,14.31749545097351,25.513776893634795,11.196281442661284
102900011035788,食用菌,2023-07-05,2.48,4.15152,11.847274,29.38123908996582,49.18419423660278,19.802955146636958
102900011035849,花叶类,2023-07-05,2.99,5.328180000000001,4.971826,14.865759968757631,26.4907842643261,11.625024295568467
102900011035962,水生根茎类,2023-07-05,0.1,0.2,12.207161,1.2207160949707032,2.4414321899414064,1.2207160949707032
102900011036068,食用菌,2023-07-05,2.85,4.7709,3.9859414,11.359933018684387,19.016527873277663,7.656594854593277
102900011036242,辣椒类,2023-07-05,3.88,7.47288,2.7248976,10.572602777481078,20.362832949428558,9.79023017194748
102900011036266,食用菌,2023-07-05,3.4,5.691599999999999,2.9290202,9.958668565750122,16.6708111790657,6.712142613315581
102900011036686,花叶类,2023-07-05,1.53,2.72646,3.8124094,5.832986383438111,10.394381735286712,4.561395351848602
102900051000463,茄类,2023-07-05,3.2,5.3504000000000005,2.9394913,9.4063720703125,15.727454101562502,6.321082031250001
102900051000890,花叶类,2023-07-05,3.99,7.110180000000001,2.8507931,11.374664561748505,20.269652249035836,8.894987687287331
102900051000944,水生根茎类,2023-07-05,14.71,29.42,4.2655015,62.74552705287934,125.49105410575868,62.74552705287934
102900051004294,辣椒类,2023-07-05,0.1,0.19260000000000002,16.856607,1.685660743713379,3.246582592391968,1.5609218486785892
102900051006229,水生根茎类,2023-07-05,2.99,5.98,6.107083,18.26017770290375,36.5203554058075,18.26017770290375
102900051009220,花叶类,2023-07-05,7.28,12.97296,2.9210231,21.265048389434813,37.894316229972844,16.629267840538027
102900051009336,食用菌,2023-07-05,10.18,17.04132,1.5248923,15.523403921127318,25.986178163967132,10.462774242839812
102900051010455,花叶类,2023-07-05,4.48,7.983360000000001,4.695734,21.036888427734375,37.487735178222664,16.450846750488285
102900051010790,花叶类,2023-07-05,10.28,18.31896,1.5025584,15.446299843788147,27.525306321630477,12.079006477842333
106930274220092,食用菌,2023-07-05,2.53,4.235219999999999,3.4186325,8.649140243530272,14.478660767669675,5.829520524139402
106930274620090,食用菌,2023-07-05,2.58,4.31892,9.563965,24.675029296875,41.30599904296875,16.63096974609375
106931885000035,食用菌,2023-07-05,4.0,6.696,2.9056811,11.622724533081055,19.456440868377683,7.83371633529663
106931885000356,食用菌,2023-07-05,8.12,13.592879999999997,1.7830887,14.478680114746092,24.237310512084957,9.758630397338864
106949711300068,食用菌,2023-07-05,1.99,3.33126,5.4870787,10.919286546707154,18.278885679187773,7.3595991324806205
106949711300167,食用菌,2023-07-05,4.02,6.729479999999999,18.74227,75.34392345428466,126.12572786247252,50.78180440818785
106949711300259,食用菌,2023-07-05,1.45,2.4273,19.907385,28.86570806503296,48.32119530086517,19.455487235832212
106956146480197,食用菌,2023-07-05,1.0,1.674,4.9014506,4.9014506340026855,8.205028361320496,3.3035777273178097
106956146480203,食用菌,2023-07-05,2.1,3.5154,5.823605,12.229570627212524,20.472301229953768,8.242730602741242
106957634300010,食用菌,2023-07-05,3.9,6.5286,5.23605,20.42059550285339,34.18407687177658,13.763481368923188
106957634300058,食用菌,2023-07-05,2.1,3.5154,5.1775723,10.872901725769044,18.201237488937377,7.328335763168335
106958851400125,食用菌,2023-07-05,2.39,4.00086,6.8205614,16.301141767501832,27.288111318798066,10.986969551296236
106971533450003,食用菌,2023-07-05,1.95,3.2643,10.137684,19.768483543395995,33.092441451644895,13.323957908248902
106971533455008,食用菌,2023-07-05,1.9,3.1805999999999996,10.528197,20.00357484817505,33.48598429584503,13.48240944766998
106971563780002,花叶类,2023-07-05,3.0,5.346,4.2104764,12.631429195404053,22.509206826210022,9.87777763080597
106972776821582,花叶类,2023-07-05,3.38,6.02316,11.339211,38.32653474807739,68.29788492107392,29.97135017299652
106973223300667,食用菌,2023-07-05,5.0,8.37,4.161145,20.805726051330566,34.82878540992736,14.023059358596798
106973990980123,食用菌,2023-07-05,2.03,3.3982199999999994,7.335902,14.891881494522094,24.92900962182998,10.037128127307888
102900005115168,花叶类,2023-07-06,2.2,3.9204000000000003,7.2989564,16.057704067230226,28.614828647804263,12.557124580574037
102900005115199,花叶类,2023-07-06,14.71,26.213220000000003,3.204641,47.140270636081695,84.00396227349759,36.8636916374159
102900005115250,食用菌,2023-07-06,14.71,24.62454,5.426439,79.8229148721695,133.62355949601172,53.80064462384223
102900005115625,花叶类,2023-07-06,3.0,5.346,2.7495384,8.248615264892578,14.699032402038574,6.450417137145997
102900005115748,花叶类,2023-07-06,2.64,4.70448,8.274614,21.844981842041015,38.92775764251709,17.082775800476075
102900005115762,花叶类,2023-07-06,2.21,3.93822,8.907729,19.686081418991087,35.08059708864212,15.39451566965103
102900005115779,花叶类,2023-07-06,5.68,10.12176,3.6620529,20.800460300445554,37.06642025539398,16.26595995494843
102900005115786,花叶类,2023-07-06,2.15,3.8312999999999997,13.288089,28.56939091682434,50.91065461378097,22.34126369695663
102900005115793,花叶类,2023-07-06,11.82,21.06324,2.6321054,31.111485242843628,55.44066670274734,24.32918145990372
102900005115816,花叶类,2023-07-06,4.47,7.96554,5.0837173,22.724216537475584,40.49455386978149,17.77033733230591
102900005115823,花叶类,2023-07-06,4.09,7.28838,5.3617125,21.9294039440155,39.07819782823562,17.148793884220126
102900005115854,花叶类,2023-07-06,2.29,4.08078,3.6446373,8.346219522953033,14.872963189902306,6.5267436669492715
102900005115861,花叶类,2023-07-06,2.0,3.564,4.831949,9.663898468017578,17.221067070007326,7.557168601989746
102900005115878,花叶类,2023-07-06,8.42,15.00444,6.240203,52.54250844955444,93.63075005710603,41.08824160755158
102900005115885,花叶类,2023-07-06,6.22,11.08404,3.3633313,20.91992079734802,37.27929886087418,16.359378063526155
102900005115908,花叶类,2023-07-06,4.62,8.23284,3.523891,16.280376291275026,29.011630551052093,12.731254259777067
102900005115946,花叶类,2023-07-06,3.12,5.55984,6.348807,19.808277397155763,35.29835032173157,15.490072924575808
102900005115960,花叶类,2023-07-06,1.64,2.9224799999999997,8.331237,13.66322841644287,24.347873038101195,10.684644621658324
102900005115977,花叶类,2023-07-06,14.17,25.25094,1.6205188,22.962751446962358,40.91962307848692,17.956871631524564
102900005115984,花叶类,2023-07-06,2.66,4.74012,3.7946792,10.093846578598024,17.987234603061676,7.893388024463653
102900005116219,辣椒类,2023-07-06,11.28,21.72528,1.5060449,16.988186073303222,32.71924637718201,15.731060303878788
102900005116226,辣椒类,2023-07-06,5.13,9.88038,2.5163395,12.90882184267044,24.86239086898327,11.95356902631283
102900005116233,辣椒类,2023-07-06,9.31,17.931060000000002,1.6062595,14.954275621175766,28.80193484638453,13.847659225208762
102900005116257,茄类,2023-07-06,3.43,5.734960000000001,10.773627,36.95354157447815,61.78632151252748,24.832779938049324
102900005116509,茄类,2023-07-06,3.98,6.654560000000001,3.490593,13.892559967041015,23.228360264892583,9.335800297851566
102900005116530,食用菌,2023-07-06,12.0,20.088,6.8863883,82.63665962219238,138.33376820755007,55.697108585357675
102900005116547,食用菌,2023-07-06,9.36,15.668639999999998,8.794729,82.31866561889647,137.8014462460327,55.48278062713622
102900005116639,花叶类,2023-07-06,7.22,12.86604,1.5490332,11.184019451141356,19.929922661933897,8.745903210792541
102900005116714,花菜类,2023-07-06,7.59,12.04533,14.545097,110.39728889465331,175.2004974758148,64.8032085811615
102900005116790,花叶类,2023-07-06,10.0,17.82,2.7907882,27.90788173675537,49.73184525489807,21.8239635181427
102900005116806,花叶类,2023-07-06,2.0,3.564,4.5811753,9.16235065460205,16.327308866500854,7.164958211898804
102900005116837,食用菌,2023-07-06,7.4,12.3876,1.8136324,13.420879530906678,22.46655233473778,9.045672803831101
102900005116899,水生根茎类,2023-07-06,10.38,20.76,6.928306,71.91581734657288,143.83163469314576,71.91581734657288
102900005116905,辣椒类,2023-07-06,5.0,9.63,2.0651927,10.325963497161865,19.887805695533753,9.561842198371888
102900005116912,食用菌,2023-07-06,8.48,14.19552,1.5040543,12.754380531311035,21.35083300941467,8.596452478103638
102900005116943,辣椒类,2023-07-06,9.13,17.584380000000003,1.4507324,13.245186358690264,25.51022892683745,12.265042568147186
102900005117056,辣椒类,2023-07-06,10.0,19.26,7.598167,75.98166942596436,146.34069531440736,70.359025888443
102900005117209,辣椒类,2023-07-06,14.71,28.331460000000003,1.4160575,20.830205346345902,40.11897549706221,19.28877015071631
102900005117353,食用菌,2023-07-06,1.0,1.674,4.367246,4.367246150970459,7.310770056724548,2.943523905754089
102900005118572,花叶类,2023-07-06,1.6,2.8512000000000004,4.6419425,7.4271080017089846,13.235106459045411,5.807998457336427
102900005118817,花叶类,2023-07-06,9.66,17.21412,3.4000537,32.844519124031066,58.52893307902337,25.684413954992298
102900005118824,水生根茎类,2023-07-06,11.67,23.34,3.415068,39.85384252309799,79.70768504619598,39.85384252309799
102900005118831,花叶类,2023-07-06,4.4,7.840800000000001,10.660795,46.90749893188477,83.58916309661866,36.68166416473389
102900005119098,食用菌,2023-07-06,14.36,24.038639999999997,1.72351,24.749603986740112,41.43083707380294,16.681233087062832
102900005119104,食用菌,2023-07-06,2.5,4.185,4.0762014,10.190503597259521,17.058903021812437,6.868399424552916
102900005119944,食用菌,2023-07-06,10.83,18.12942,2.3760102,25.732190244197845,43.07568646878719,17.343496224589348
102900005119968,辣椒类,2023-07-06,8.0,15.408000000000001,1.4143426,11.314741134643555,21.792191425323487,10.477450290679933
102900005119975,花叶类,2023-07-06,2.6,4.6332,6.185237,16.081616020202638,28.657439748001103,12.575823727798465
102900005122654,花叶类,2023-07-06,4.2,7.484400000000001,4.022322,16.893753147125246,30.10466810817719,13.210914961051943
102900005123880,辣椒类,2023-07-06,8.44,16.25544,1.7206998,14.522706203460693,27.970732147865295,13.448025944404604
102900005125808,辣椒类,2023-07-06,14.71,28.331460000000003,2.8788416,42.347760503292086,81.56178672934057,39.214026226048475
102900005125815,食用菌,2023-07-06,5.81,9.72594,2.7331464,15.879580752849577,26.582418180270192,10.702837427420617
102900005128748,花叶类,2023-07-06,14.71,26.213220000000003,1.4279009,21.004422391653062,37.42988070192576,16.425458310272695
102900011000175,花叶类,2023-07-06,5.43,9.67626,8.808918,47.83242473602294,85.23738087959289,37.40495614356994
102900011000328,辣椒类,2023-07-06,8.97,17.276220000000002,6.048946,54.259044756889345,104.50292020176889,50.24387544487954
102900011000335,茄类,2023-07-06,1.0,1.6720000000000002,4.6831436,4.683143615722656,7.830216125488282,3.147072509765626
102900011000571,花叶类,2023-07-06,5.8,10.3356,3.4839306,20.206797409057618,36.00851298294067,15.801715573883055
102900011000632,花菜类,2023-07-06,9.51,15.092369999999999,1.6897897,16.06989959836006,25.502930662597414,9.433031064237355
102900011000861,辣椒类,2023-07-06,12.0,23.112000000000002,1.4455196,17.346234798431396,33.408848221778875,16.062613423347475
102900011001219,辣椒类,2023-07-06,10.4,20.030400000000004,1.4091299,14.654950523376465,28.225434708023077,13.570484184646611
102900011001561,水生根茎类,2023-07-06,1.33,2.66,5.672911,7.5449718523025515,15.089943704605103,7.5449718523025515
102900011001691,水生根茎类,2023-07-06,9.16,18.32,2.8885214,26.458856325149537,52.91771265029907,26.458856325149537
102900011001806,食用菌,2023-07-06,5.69,9.52506,3.170817,18.041948151588443,30.20222120575905,12.160273054170608
102900011001813,食用菌,2023-07-06,1.73,2.89602,6.1678677,10.670411052703857,17.862268102226256,7.1918570495224
102900011002414,花叶类,2023-07-06,13.71,24.431220000000003,1.4991212,20.55295150279999,36.625359577989585,16.072408075189593
102900011006689,花叶类,2023-07-06,3.61,6.43302,5.6517763,20.402912492752076,36.3579900620842,15.955077569332124
102900011006948,花叶类,2023-07-06,9.19,16.37658,2.6265607,24.13809272289276,43.014081232194904,18.875988509302143
102900011006955,花叶类,2023-07-06,10.0,17.82,1.9664954,19.66495394706726,35.04294793367386,15.377993986606599
102900011007044,食用菌,2023-07-06,3.18,5.32332,2.8951185,9.206476750373842,15.411642080125809,6.205165329751967
102900011007464,花叶类,2023-07-06,6.13,10.92366,1.6973346,10.404661387205124,18.54110659199953,8.136445204794407
102900011007471,花叶类,2023-07-06,11.18,19.92276,1.4866247,16.620464344024658,29.61766746105194,12.997203117027283
102900011007495,花叶类,2023-07-06,10.06,17.926920000000003,1.4331137,14.41712376356125,25.69131454666615,11.274190783104899
102900011007969,水生根茎类,2023-07-06,5.29,10.58,2.6690798,14.119432039260865,28.23886407852173,14.119432039260865
102900011008133,花叶类,2023-07-06,14.71,26.213220000000003,1.4991212,22.05207269191742,39.296793536996844,17.244720845079424
102900011008164,花叶类,2023-07-06,2.56,4.56192,8.81552,22.567731933593752,40.21569830566406,17.64796637207031
102900011008485,花叶类,2023-07-06,8.09,14.41638,2.7812173,22.500048253536225,40.09508598780155,17.59503773426533
102900011008492,花叶类,2023-07-06,4.31,7.68042,4.4895825,19.350100741386413,34.48187952115059,15.131778779764176
102900011008515,花叶类,2023-07-06,5.09,9.07038,2.1698163,11.044364740848541,19.6810579681921,8.63669322734356
102900011008522,花叶类,2023-07-06,3.15,5.6133,6.6263027,20.872853565216065,37.195425053215025,16.32257148799896
102900011008577,食用菌,2023-07-06,4.17,6.98058,2.7410784,11.430296831130981,19.134316895313262,7.704020064182281
102900011008676,花叶类,2023-07-06,11.17,19.90494,1.4866247,16.605598096847533,29.591175808582307,12.985577711734772
102900011009246,食用菌,2023-07-06,7.38,12.35412,1.5131485,11.167036271095276,18.693618717813493,7.5265824467182165
102900011009277,水生根茎类,2023-07-06,2.71,5.42,5.5140467,14.943066473007201,29.886132946014403,14.943066473007201
102900011009444,茄类,2023-07-06,5.01,8.37672,3.740161,18.73820631980896,31.330280966720583,12.592074646911625
102900011009772,辣椒类,2023-07-06,14.71,28.331460000000003,1.5471185,22.758113790750503,43.83212716098547,21.07401337023497
102900011009970,花菜类,2023-07-06,7.13,11.31531,7.181554,51.204478883743285,81.2615079885006,30.057029104757312
102900011010563,食用菌,2023-07-06,14.71,24.62454,1.4517943,21.355893663167954,35.74976599214315,14.393872328975199
102900011010891,水生根茎类,2023-07-06,9.11,18.22,3.003868,27.3652384185791,54.7304768371582,27.3652384185791
102900011011058,食用菌,2023-07-06,14.71,24.62454,1.4932234,21.96531663656235,36.76994004960537,14.80462341304302
102900011011546,食用菌,2023-07-06,1.0,1.674,4.160192,4.160192012786865,6.9641614294052125,2.803969416618347
102900011011669,食用菌,2023-07-06,6.37,10.66338,2.0404427,12.997620031833648,21.758015933289528,8.76039590145588
102900011012482,食用菌,2023-07-06,6.04,10.11096,2.5254192,15.253532180786133,25.534412870635986,10.280880689849855
102900011012871,食用菌,2023-07-06,14.71,24.62454,1.4154046,20.820601050853732,34.85368615912914,14.033085108275412
102900011012994,食用菌,2023-07-06,4.18,6.997319999999999,5.590865,23.3698162651062,39.12107242778778,15.751256162681578
102900011013274,食用菌,2023-07-06,3.29,5.50746,2.7673411,9.104552340507507,15.241020618009568,6.13646827750206
102900011015384,花叶类,2023-07-06,14.71,26.213220000000003,1.6331537,24.023690588474274,42.81021662866116,18.786526040186885
102900011015391,花叶类,2023-07-06,2.0,3.564,3.9746406,7.949281215667725,14.165619126319886,6.216337910652161
102900011016701,辣椒类,2023-07-06,3.63,6.99138,13.275783,48.19109078407288,92.81604085012437,44.62495006605149
102900011016909,茄类,2023-07-06,9.66,16.15152,1.5061013,14.548938081264495,24.32582447187424,9.776886390609743
102900011018095,食用菌,2023-07-06,3.73,6.24402,5.6563706,21.098262486457823,35.318491402330395,14.220228915872573
102900011018132,水生根茎类,2023-07-06,14.71,29.42,1.8752295,27.584625619649888,55.169251239299776,27.584625619649888
102900011021644,花叶类,2023-07-06,6.13,10.92366,3.6218638,22.20202535152435,39.5640091764164,17.361983824892043
102900011021675,食用菌,2023-07-06,12.01,20.10474,1.559992,18.735503388643263,31.363232672588826,12.62772928394556
102900011021699,食用菌,2023-07-06,14.71,24.62454,1.4932234,21.96531663656235,36.76994004960537,14.80462341304302
102900011021842,水生根茎类,2023-07-06,7.36,14.72,7.0994563,52.25199844360352,104.50399688720704,52.25199844360352
102900011022030,辣椒类,2023-07-06,2.4,4.6224,3.6659143,8.798194313049317,16.94532224693298,8.147127933883667
102900011022764,茄类,2023-07-06,7.0,11.704,5.1117587,35.782310962677,59.82802392959595,24.04571296691895
102900011022849,花叶类,2023-07-06,0.6,1.0692,14.812433,8.88745994567871,15.837453623199462,6.949993677520752
102900011022924,花叶类,2023-07-06,1.4,2.4947999999999997,12.060495,16.88469352722168,30.08852386550903,13.20383033828735
102900011023075,食用菌,2023-07-06,3.0,5.022,2.8951185,8.685355424880981,14.539284981250765,5.853929556369782
102900011023464,花叶类,2023-07-06,2.7,4.811400000000001,5.65269,15.262262821197512,27.19735234737397,11.935089526176457
102900011023976,水生根茎类,2023-07-06,0.87,1.74,6.666128,5.799531497955322,11.599062995910645,5.799531497955322
102900011024010,水生根茎类,2023-07-06,14.71,29.42,2.5453446,37.442018935680395,74.88403787136079,37.442018935680395
102900011026502,花叶类,2023-07-06,12.66,22.56012,1.6895689,21.389941985607148,38.11687661835194,16.72693463274479
102900011026618,花叶类,2023-07-06,2.8,4.989599999999999,4.135383,11.579072761535643,20.633907661056515,9.054834899520872
102900011026793,食用菌,2023-07-06,3.15,5.2730999999999995,3.0382438,9.570467877388,16.02096322674751,6.450495349359511
102900011027462,花叶类,2023-07-06,5.51,9.81882,4.5412564,25.022322916984557,44.589779438066486,19.56745652108193
102900011027479,辣椒类,2023-07-06,12.97,24.980220000000003,2.414497,31.316024775505067,60.314663717622764,28.998638942117697
102900011027615,花叶类,2023-07-06,6.3,11.2266,2.2759607,14.33855230808258,25.551300213003156,11.212747904920578
102900011028407,辣椒类,2023-07-06,3.0,5.7780000000000005,2.746273,8.238819122314453,15.867965629577638,7.629146507263185
102900011029176,辣椒类,2023-07-06,0.89,1.7141400000000002,4.3892937,3.9064713668823243,7.523863852615357,3.617392485733033
102900011029275,辣椒类,2023-07-06,13.01,25.057260000000003,1.5726868,20.460655156373978,39.40722183117629,18.94656667480231
102900011029299,辣椒类,2023-07-06,13.95,26.8677,1.5184133,21.181865608692167,40.796273162341116,19.61440755364895
102900011029305,辣椒类,2023-07-06,14.71,28.331460000000003,1.4835829,21.823503786325457,42.03206829246283,20.208564506137375
102900011029688,花叶类,2023-07-06,3.4,6.0588,3.1466424,10.69858431816101,19.06487725496292,8.36629293680191
102900011030042,花叶类,2023-07-06,0.14,0.24948000000000004,16.495253,2.3093353652954103,4.115235620956422,1.805900255661011
102900011030059,花叶类,2023-07-06,3.49,6.219180000000001,25.661398,89.55827878952027,159.59285280292514,70.03457401340485
102900011030097,花叶类,2023-07-06,2.84,5.06088,22.39768,63.609412002563474,113.35197218856811,49.742560186004646
102900011030103,花叶类,2023-07-06,0.97,1.72854,11.832847,11.477861242294312,20.453548733768464,8.975687491474151
102900011030110,花叶类,2023-07-06,4.07,7.25274,10.986214,44.71388969421387,79.68015143508912,34.96626174087524
102900011030134,花叶类,2023-07-06,2.16,3.84912,6.244186,13.487441596984864,24.034620925827028,10.547179328842162
102900011030141,花叶类,2023-07-06,2.01,3.5818199999999996,7.390065,14.854031038284301,26.469883310222624,11.615852271938323
102900011030158,花叶类,2023-07-06,1.07,1.90674,8.714068,9.324053201675415,16.61546280538559,7.291409603710175
102900011030400,花叶类,2023-07-06,14.71,26.213220000000003,3.390228,49.87025436639786,88.868793280921,38.99853891452313
102900011030417,花叶类,2023-07-06,14.71,26.213220000000003,1.7328444,25.490140428543093,45.423430243663795,19.933289815120702
102900011030561,食用菌,2023-07-06,12.42,20.791079999999997,1.7225099,21.393572473526,35.81284032068252,14.41926784715652
102900011030608,食用菌,2023-07-06,5.1,8.5374,2.7708168,14.131165695190429,23.655571373748778,9.52440567855835
102900011030615,食用菌,2023-07-06,10.37,17.359379999999998,1.8413643,19.09494742274284,31.964941985671516,12.869994562928674
102900011030622,食用菌,2023-07-06,14.56,24.37344,2.1925323,31.92327030181885,53.43955448524475,21.5162841834259
102900011030639,食用菌,2023-07-06,14.71,24.62454,2.1809351,32.08155597448349,53.70452470128536,21.62296872680187
102900011030905,花叶类,2023-07-06,3.16,5.63112,2.8654943,9.054961833953858,16.135941988105774,7.080980154151916
102900011030912,食用菌,2023-07-06,2.59,4.33566,3.694985,9.570010924339295,16.020198287343977,6.450187363004685
102900011030929,食用菌,2023-07-06,1.3,2.1762,4.483964,5.829153156280518,9.758002383613587,3.9288492273330693
102900011031100,辣椒类,2023-07-06,2.11,4.06386,22.924479,48.37064970016479,93.1618713225174,44.7912216223526
102900011031216,花叶类,2023-07-06,5.12,9.12384,2.5419366,13.014715576171875,23.19222315673828,10.177507580566404
102900011031582,辣椒类,2023-07-06,0.92,1.7719200000000002,6.4461026,5.930414409637452,11.421978152961731,5.4915637433242805
102900011031599,食用菌,2023-07-06,1.96,3.28104,4.1605783,8.154733371734618,13.651023664283752,5.4962902925491335
102900011031735,辣椒类,2023-07-06,3.79,7.29954,3.0692365,11.63240639925003,22.40401472495556,10.771608325705529
102900011031742,辣椒类,2023-07-06,2.06,3.9675600000000006,3.678669,7.578058090209961,14.595339881744387,7.017281791534426
102900011031759,辣椒类,2023-07-06,3.48,6.70248,3.0557208,10.633908405303956,20.48090758861542,9.846999183311464
102900011031841,食用菌,2023-07-06,0.1,0.1674,11.710473,1.171047306060791,1.9603331903457641,0.789285884284973
102900011031858,食用菌,2023-07-06,0.1,0.1674,12.842454,1.2842453956604005,2.14982679233551,0.8655813966751097
102900011031926,食用菌,2023-07-06,2.6,4.3524,3.792273,9.859909915924073,16.5054891992569,6.645579283332825
102900011031995,食用菌,2023-07-06,1.61,2.69514,9.113564,14.672837295532227,24.562329632720946,9.889492337188718
102900011032022,辣椒类,2023-07-06,2.1,4.044600000000001,10.876579,22.840816497802734,43.99141257476808,21.15059607696534
102900011032114,水生根茎类,2023-07-06,3.8,7.6,3.0341055,11.529601049423217,23.059202098846434,11.529601049423217
102900011032176,花叶类,2023-07-06,1.85,3.2967000000000004,3.7906985,7.012792277336121,12.496795838212968,5.484003560876848
102900011032206,辣椒类,2023-07-06,0.1,0.19260000000000002,12.114469,1.2114468574523927,2.3332466474533082,1.1217997900009158
102900011032213,辣椒类,2023-07-06,3.23,6.220980000000001,3.7679574,12.170502560138702,23.440387930827143,11.269885370688442
102900011032220,辣椒类,2023-07-06,3.92,7.54992,4.3740945,17.146450386047363,33.024063443527226,15.87761305747986
102900011032237,辣椒类,2023-07-06,2.55,4.9113,3.0700097,7.828524756431579,15.077738680887222,7.249213924455643
102900011032244,辣椒类,2023-07-06,3.1,5.970600000000001,3.4270911,10.623982477188111,20.461790251064304,9.837807773876193
102900011032251,辣椒类,2023-07-06,4.29,8.262540000000001,11.405423,48.92926537513733,94.23776511251451,45.30849973737718
102900011032282,花叶类,2023-07-06,2.5,4.455,6.6893544,16.72338604927063,29.80107393980026,13.077687890529633
102900011032343,辣椒类,2023-07-06,12.13,23.36238,1.7880607,21.689175868034365,41.773352721834186,20.08417685379982
102900011032350,辣椒类,2023-07-06,9.23,17.776980000000002,1.4972837,13.819928524494172,26.617182338175777,12.797253813681605
102900011032367,辣椒类,2023-07-06,11.51,22.16826,1.4920709,17.17373621225357,33.07661594480038,15.902879732546808
102900011032480,花叶类,2023-07-06,12.07,21.50874,1.4483455,17.48153069138527,31.15208769204855,13.67055700066328
102900011032589,花叶类,2023-07-06,4.1,7.3062,2.7446063,11.25288565158844,20.052642231130598,8.79975657954216
102900011032619,食用菌,2023-07-06,11.18,18.71532,3.5028684,39.16206886768341,65.55730328450203,26.395234416818614
102900011032626,食用菌,2023-07-06,7.35,12.303899999999999,1.5131485,11.12164181470871,18.61762839782238,7.495986583113669
102900011032633,食用菌,2023-07-06,7.14,11.952359999999999,2.292709,16.369943060874938,27.403284683904644,11.033341623029706
102900011032640,食用菌,2023-07-06,8.88,14.865120000000001,1.5708228,13.948906774520875,23.350469940547946,9.401563166027069
102900011032732,水生根茎类,2023-07-06,13.69,27.38,2.1972966,30.080990719795224,60.16198143959045,30.080990719795224
102900011032787,花叶类,2023-07-06,1.08,1.92456,14.183964,15.318680877685548,27.297889324035644,11.979208446350098
102900011032848,辣椒类,2023-07-06,2.33,4.48758,6.8056498,15.857163934707643,30.54089773824692,14.683733803539278
102900011033081,花叶类,2023-07-06,4.96,8.83872,2.3932862,11.870699691772462,21.153586850738527,9.282887158966066
102900011033173,花叶类,2023-07-06,11.22,19.994040000000002,1.4279009,16.021048214435577,28.549507918124203,12.528459703688624
102900011033234,花叶类,2023-07-06,0.1,0.17820000000000003,24.692112,2.469211196899414,4.4001343528747565,1.9309231559753424
102900011033241,花叶类,2023-07-06,4.69,8.35758,5.275647,24.74278519630432,44.0916432198143,19.34885802350998
102900011033531,花叶类,2023-07-06,11.99,21.36618,1.6408501,19.673792304992677,35.05869788749695,15.384905582504272
102900011033562,花叶类,2023-07-06,12.0,21.384,1.559992,18.719903469085693,33.358867981910706,14.638964512825012
102900011033586,花叶类,2023-07-06,12.0,21.384,2.16619,25.99427890777588,46.321805013656615,20.32752610588074
102900011033906,花叶类,2023-07-06,0.3,0.5346,45.584442,13.675332641601562,24.369442767333982,10.69411012573242
102900011033913,花菜类,2023-07-06,8.58,13.61646,2.3768542,20.393408875465393,32.36433988536358,11.970931009898186
102900011033920,花叶类,2023-07-06,5.54,9.87228,3.3305733,18.45137619495392,32.88035237940788,14.428976184453964
102900011033937,食用菌,2023-07-06,5.81,9.72594,2.71245,15.759334659576416,26.38112622013092,10.621791560554504
102900011033944,食用菌,2023-07-06,8.14,13.62636,2.78526,22.67201609134674,37.952954936914445,15.280938845567702
102900011033968,食用菌,2023-07-06,12.61,21.109139999999996,1.4932234,18.829547436237334,31.520662408261295,12.691114972023959
102900011033975,茄类,2023-07-06,0.12,0.20064,13.761977,1.6514372634887695,2.761203104553223,1.1097658410644533
102900011033982,茄类,2023-07-06,4.34,7.256480000000001,2.7276752,11.838110365867614,19.793320531730654,7.95521016586304
102900011033999,茄类,2023-07-06,6.18,10.33296,2.300374,14.216311511993407,23.769672848052977,9.55336133605957
102900011034026,花菜类,2023-07-06,8.39,13.31493,7.0330005,59.00687393665314,93.64390893746854,34.63703500081539
102900011034200,花叶类,2023-07-06,1.59,2.83338,5.9105086,9.397708725929261,16.746716949605943,7.349008223676681
102900011034217,花叶类,2023-07-06,5.74,10.22868,4.315687,24.77204441070557,44.14378313987732,19.371738729171756
102900011034224,花叶类,2023-07-06,1.98,3.52836,6.892718,13.64758131980896,24.31998991189957,10.672408592090608
102900011034231,花叶类,2023-07-06,1.36,2.4235200000000003,20.546957,27.94386154174805,49.79596126739503,21.852099725646976
102900011034262,辣椒类,2023-07-06,0.1,0.19260000000000002,11.516543,1.15165433883667,2.2180862565994266,1.0664319177627566
102900011034316,花叶类,2023-07-06,4.21,7.50222,10.744265,45.23335397720337,80.6058367873764,35.37248281017304
102900011034323,花叶类,2023-07-06,14.71,26.213220000000003,1.4847354,21.840457288026812,38.91969488726378,17.07923759923697
102900011034330,食用菌,2023-07-06,3.41,5.70834,10.326789,35.21435015678406,58.94882216245651,23.73447200567245
102900011034354,花叶类,2023-07-06,3.27,5.82714,5.06205,16.552903060913085,29.497273254547117,12.944370193634033
102900011034439,辣椒类,2023-07-06,3.32,6.3943200000000004,3.7679574,12.509618730545043,24.093525675029756,11.583906944484713
102900011034538,食用菌,2023-07-06,1.2,2.0088,3.8083708,4.570044994354248,7.650255320549011,3.080210326194763
102900011034569,水生根茎类,2023-07-06,2.0,4.0,4.895286,9.790572166442871,19.581144332885742,9.790572166442871
102900011034705,食用菌,2023-07-06,6.7,11.2158,2.4973154,16.73201322555542,28.00939013957977,11.277376914024352
102900011035078,辣椒类,2023-07-06,12.72,24.498720000000002,2.414497,30.712400550842286,59.15208346092225,28.43968291007996
102900011035481,花叶类,2023-07-06,3.58,6.379560000000001,5.071505,18.155988149642944,32.35397088266373,14.197982733020785
102900011035511,水生根茎类,2023-07-06,3.22,6.44,4.6077695,14.837017755508423,29.674035511016847,14.837017755508423
102900011035740,食用菌,2023-07-06,3.12,5.22288,3.1505458,9.829703006744385,16.4549228332901,6.625219826545715
102900011035764,花叶类,2023-07-06,7.69,13.70358,2.186115,16.811224553585053,29.957602154488566,13.146377600903511
102900011035771,花叶类,2023-07-06,7.58,13.50756,1.9043119,14.434684166908264,25.722607185430526,11.287923018522262
102900011035788,食用菌,2023-07-06,2.48,4.15152,12.669391,31.42008888244629,52.59722878921508,21.177139906768794
102900011035849,花叶类,2023-07-06,2.99,5.328180000000001,4.963524,14.840936355590822,26.446548585662846,11.605612230072023
102900011035962,水生根茎类,2023-07-06,0.1,0.2,11.20746,1.1207460403442384,2.241492080688477,1.1207460403442384
102900011036068,食用菌,2023-07-06,2.85,4.7709,3.9591658,11.283622562885284,18.888784170269968,7.605161607384682
102900011036242,辣椒类,2023-07-06,3.88,7.47288,2.8830652,11.186293067932128,21.54480044883728,10.358507380905152
102900011036266,食用菌,2023-07-06,3.4,5.691599999999999,3.0459514,10.356234645843506,17.336336797142028,6.980102151298521
102900011036686,花叶类,2023-07-06,1.53,2.72646,3.9580724,6.055850808620453,10.791526140961647,4.735675332341193
102900051000463,茄类,2023-07-06,3.2,5.3504000000000005,2.958466,9.467091369628907,15.828976770019533,6.3618854003906256
102900051000890,花叶类,2023-07-06,3.99,7.110180000000001,2.8790634,11.487462837696077,20.470658776774407,8.983195939078332
102900051000944,水生根茎类,2023-07-06,14.71,29.42,4.252878,62.55983816146851,125.11967632293702,62.55983816146851
102900051004294,辣椒类,2023-07-06,0.1,0.19260000000000002,16.829565,1.6829565048217774,3.2413742282867437,1.558417723464966
102900051006229,水生根茎类,2023-07-06,2.99,5.98,5.7234592,17.113143138885498,34.226286277770996,17.113143138885498
102900051009220,花叶类,2023-07-06,7.28,12.97296,2.7903116,20.313468265533448,36.1986004491806,15.885132183647157
102900051009336,食用菌,2023-07-06,10.18,17.04132,1.4918375,15.186905765533448,25.42288025150299,10.235974485969543
102900051010455,花叶类,2023-07-06,4.48,7.983360000000001,4.389963,19.667034912109376,35.04665621337891,15.379621301269534
102900051010790,花叶类,2023-07-06,10.28,18.31896,1.504334,15.464553241729735,27.55783387676239,12.093280635032656
106930274220092,食用菌,2023-07-06,2.53,4.235219999999999,3.694985,9.348311829566955,15.64907400269508,6.300762173128126
106930274620090,食用菌,2023-07-06,2.58,4.31892,8.885556,22.924735050201416,38.376006474037176,15.451271423835756
106931885000035,食用菌,2023-07-06,4.0,6.696,3.0689006,12.275602340698242,20.549358318328856,8.273755977630614
106931885000356,食用菌,2023-07-06,8.12,13.592879999999997,1.8013539,14.626993923187255,24.48558782741546,9.858593904228208
106949711300068,食用菌,2023-07-06,1.99,3.33126,5.478092,10.901403465270995,18.248949400863648,7.347545935592651
106949711300167,食用菌,2023-07-06,4.02,6.729479999999999,17.448122,70.14145053863524,117.41678820167539,47.27533766304015
106949711300259,食用菌,2023-07-06,1.45,2.4273,19.562368,28.365434169769287,47.48373680019378,19.118302630424495
106956146480197,食用菌,2023-07-06,1.0,1.674,5.1564374,5.156437397003174,8.631876202583312,3.4754388055801386
106956146480203,食用菌,2023-07-06,2.1,3.5154,6.0870986,12.782907056808472,21.398586413097384,8.61567935628891
106957634300010,食用菌,2023-07-06,3.9,6.5286,5.1734076,20.17628946304321,33.77510856113434,13.598819098091125
106957634300058,食用菌,2023-07-06,2.1,3.5154,5.337026,11.207754850387573,18.7617816195488,7.554026769161224
106958851400125,食用菌,2023-07-06,2.39,4.00086,6.656679,15.909463176727296,26.632441357841493,10.722978181114199
106971533450003,食用菌,2023-07-06,1.95,3.2643,10.4017315,20.28337640762329,33.95437210636139,13.670995698738098
106971533455008,食用菌,2023-07-06,1.9,3.1805999999999996,9.767736,18.558699226379392,31.067262504959103,12.50856327857971
106971563780002,花叶类,2023-07-06,3.0,5.346,4.613479,13.840437412261963,24.663659468650817,10.823222056388856
106972776821582,花叶类,2023-07-06,3.38,6.02316,11.682586,39.487139720916744,70.36608298267365,30.878943261756895
106973223300667,食用菌,2023-07-06,5.0,8.37,4.4628644,22.314321994781494,37.35417501926422,15.039853024482724
106973990980123,食用菌,2023-07-06,2.03,3.3982199999999994,7.317146,14.853806023597716,24.865271283502572,10.011465259904858
102900005115168,花叶类,2023-07-07,2.2,3.9204000000000003,8.130458,17.887007331848146,31.874647065353397,13.987639733505251
102900005115199,花叶类,2023-07-07,14.71,26.213220000000003,3.4615157,50.91889543294907,90.73747166151524,39.81857622856618
102900005115250,食用菌,2023-07-07,14.71,24.62454,6.3981557,94.11687018871308,157.5516406959057,63.4347705071926
102900005115625,花叶类,2023-07-07,3.0,5.346,3.0316923,9.0950767993927,16.20742685651779,7.1123500571250915
102900005115748,花叶类,2023-07-07,2.64,4.70448,8.976898,23.699011230468752,42.23163801269531,18.532626782226565
102900005115762,花叶类,2023-07-07,2.21,3.93822,9.55768,21.12247308731079,37.64024704158783,16.517773954277036
102900005115779,花叶类,2023-07-07,5.68,10.12176,4.3191047,24.53251453399658,43.71694089958191,19.184426365585328
102900005115786,花叶类,2023-07-07,2.15,3.8312999999999997,14.408408,30.978077554702757,55.202934202480314,24.224856647777553
102900005115793,花叶类,2023-07-07,11.82,21.06324,2.8185906,33.31574137687683,59.36865113359451,26.052909756717682
102900005115816,花叶类,2023-07-07,4.47,7.96554,5.74268,25.669779925346372,45.74354782696724,20.073767901620865
102900005115823,花叶类,2023-07-07,4.09,7.28838,6.2056465,25.381094245910642,45.229109946212766,19.848015700302124
102900005115854,花叶类,2023-07-07,2.29,4.08078,4.099009,9.386730694770813,16.727154098081588,7.340423403310775
102900005115861,花叶类,2023-07-07,2.0,3.564,5.6036777,11.207355499267578,19.971507499694823,8.764152000427247
102900005115878,花叶类,2023-07-07,8.42,15.00444,7.4629345,62.83790843963623,111.97715283943177,49.13924439979554
102900005115885,花叶类,2023-07-07,6.22,11.08404,3.431523,21.344073586463928,38.03513913107872,16.69106554461479
102900005115908,花叶类,2023-07-07,4.62,8.23284,4.23456,19.56366725921631,34.86245505592346,15.29878779670715
102900005115946,花叶类,2023-07-07,3.12,5.55984,7.572696,23.626812171936034,42.10297929039002,18.476167118453983
102900005115960,花叶类,2023-07-07,1.64,2.9224799999999997,9.49069,15.564731979370116,27.736352387237545,12.17162040786743
102900005115977,花叶类,2023-07-07,14.17,25.25094,1.7501549,24.799694265127183,44.19305518045664,19.393360915329456
102900005115984,花叶类,2023-07-07,2.66,4.74012,4.6242666,12.30054922103882,21.919578711891173,9.619029490852355
102900005116219,辣椒类,2023-07-07,11.28,21.72528,1.6564256,18.684480714797974,35.9863098567009,17.301829141902928
102900005116226,辣椒类,2023-07-07,5.13,9.88038,2.6387742,13.536911423206329,26.072091401095392,12.535179977889063
102900005116233,辣椒类,2023-07-07,9.31,17.931060000000002,1.8091098,16.842812303304672,32.4392564961648,15.59644419286013
102900005116257,茄类,2023-07-07,3.43,5.734960000000001,12.344686,42.342271451950076,70.79627786766054,28.45400641571046
102900005116509,茄类,2023-07-07,3.98,6.654560000000001,4.2066245,16.74236554145813,27.993235185317996,11.250869643859867
102900005116530,食用菌,2023-07-07,12.0,20.088,8.022798,96.2735710144043,161.1619578781128,64.8883868637085
102900005116547,食用菌,2023-07-07,9.36,15.668639999999998,10.108742,94.61782287597656,158.39023549438474,63.77241261840819
102900005116639,花叶类,2023-07-07,7.22,12.86604,1.6859944,12.172879471778868,21.692071218709945,9.519191746931076
102900005116714,花菜类,2023-07-07,7.59,12.04533,16.29313,123.66486333847045,196.25613811815262,72.59127477968217
102900005116790,花叶类,2023-07-07,10.0,17.82,3.2687807,32.68780708312988,58.249672222137455,25.56186513900757
102900005116806,花叶类,2023-07-07,2.0,3.564,5.0656557,10.131311416625977,18.05399694442749,7.922685527801514
102900005116837,食用菌,2023-07-07,7.4,12.3876,2.1050704,15.577520608901978,26.07676949930191,10.499248890399933
102900005116899,水生根茎类,2023-07-07,10.38,20.76,8.119696,84.2824409866333,168.5648819732666,84.2824409866333
102900005116905,辣椒类,2023-07-07,5.0,9.63,2.30236,11.511800289154053,22.171727356910708,10.659927067756655
102900005116912,食用菌,2023-07-07,8.48,14.19552,1.6334505,13.851660308837891,23.18767935699463,9.336019048156738
102900005116943,辣椒类,2023-07-07,9.13,17.584380000000003,1.5419054,14.0775963306427,27.113450532817843,13.035854202175145
102900005117056,辣椒类,2023-07-07,10.0,19.26,8.588953,85.88953018188477,165.42323513031008,79.53370494842531
102900005117209,辣椒类,2023-07-07,14.71,28.331460000000003,1.507231,22.171367967128756,42.702054704689985,20.53068673756123
102900005117353,食用菌,2023-07-07,1.0,1.674,5.1955667,5.195566654205322,8.69737857913971,3.501811924934387
102900005118572,花叶类,2023-07-07,1.6,2.8512000000000004,5.527978,8.844764709472656,15.761370712280275,6.916606002807619
102900005118817,花叶类,2023-07-07,9.66,17.21412,3.8887422,37.565249733924865,66.94127502585411,29.37602529192925
102900005118824,水生根茎类,2023-07-07,11.67,23.34,3.8895235,45.390739316940305,90.78147863388061,45.390739316940305
102900005118831,花叶类,2023-07-07,4.4,7.840800000000001,11.84153,52.10273132324219,92.84706721801759,40.744335894775396
102900005119098,食用菌,2023-07-07,14.36,24.038639999999997,1.8311728,26.295641751289367,44.018904291658394,17.72326254036903
102900005119104,食用菌,2023-07-07,2.5,4.185,4.7612734,11.903183460235596,19.925929112434385,8.02274565219879
102900005119944,食用菌,2023-07-07,10.83,18.12942,2.5483868,27.5990291762352,46.200774841017726,18.601745664782523
102900005119968,辣椒类,2023-07-07,8.0,15.408000000000001,1.5343431,12.274744987487793,23.64115884590149,11.366413858413699
102900005119975,花叶类,2023-07-07,2.6,4.6332,7.219884,18.771698188781738,33.45116617240906,14.679467983627323
102900005122654,花叶类,2023-07-07,4.2,7.484400000000001,4.842272,20.337541580200195,36.24149909591675,15.903957515716556
102900005123880,辣椒类,2023-07-07,8.44,16.25544,1.8006493,15.197479968070983,29.270346418504715,14.072866450433732
102900005125808,辣椒类,2023-07-07,14.71,28.331460000000003,3.118677,45.875737211704255,88.3566698697424,42.48093265803815
102900005125815,食用菌,2023-07-07,5.81,9.72594,2.8660042,16.65148456811905,27.874585167031288,11.22310059891224
102900005128748,花叶类,2023-07-07,14.71,26.213220000000003,1.5554637,22.88087061047554,40.77371142786742,17.892840817391875
102900011000175,花叶类,2023-07-07,5.43,9.67626,9.421076,51.15644170761108,91.16077912296295,40.00433741535186
102900011000328,辣椒类,2023-07-07,8.97,17.276220000000002,7.1846495,64.4463057231903,124.12358482286454,59.67727909967424
102900011000335,茄类,2023-07-07,1.0,1.6720000000000002,5.5619493,5.561949253082275,9.299579151153566,3.73762989807129
102900011000571,花叶类,2023-07-07,5.8,10.3356,3.9835162,23.10439405441284,41.17203020496368,18.06763615055084
102900011000632,花菜类,2023-07-07,9.51,15.092369999999999,1.958451,18.62486932039261,29.557667611463067,10.93279829107046
102900011000861,辣椒类,2023-07-07,12.0,23.112000000000002,1.5291303,18.34956407546997,35.341260409355165,16.991696333885194
102900011001219,辣椒类,2023-07-07,10.4,20.030400000000004,1.5291303,15.902955532073975,30.629092354774482,14.726136822700505
102900011001561,水生根茎类,2023-07-07,1.33,2.66,7.041283,9.36490656375885,18.7298131275177,9.36490656375885
102900011001691,水生根茎类,2023-07-07,9.16,18.32,3.2201085,29.49619394302368,58.99238788604736,29.49619394302368
102900011001806,食用菌,2023-07-07,5.69,9.52506,3.5847824,20.3974116396904,34.14526708484173,13.747855445151327
102900011001813,食用菌,2023-07-07,1.73,2.89602,7.157522,12.382513408660888,20.728327446098326,8.345814037437439
102900011002414,花叶类,2023-07-07,13.71,24.431220000000003,1.6360795,22.43065062761307,39.97141941840649,17.54076879079342
102900011006689,花叶类,2023-07-07,3.61,6.43302,6.4461646,23.27065423488617,41.468305846567155,18.197651611680985
102900011006948,花叶类,2023-07-07,9.19,16.37658,3.0356705,27.897812068462372,49.71390110599995,21.816089037537576
102900011006955,花叶类,2023-07-07,10.0,17.82,2.138757,21.387569904327393,38.11264956951141,16.725079665184023
102900011007044,食用菌,2023-07-07,3.18,5.32332,3.28981,10.461595616340638,17.512711061754228,7.051115445413588
102900011007464,花叶类,2023-07-07,6.13,10.92366,1.9751142,12.107450207471848,21.575476269714834,9.468026062242984
102900011007471,花叶类,2023-07-07,11.18,19.92276,1.6097358,17.996846764087678,32.07038093360424,14.073534169516565
102900011007495,花叶类,2023-07-07,10.06,17.926920000000003,1.5606765,15.700405142307282,27.97812196359158,12.277716821284297
102900011007969,水生根茎类,2023-07-07,5.29,10.58,2.8538182,15.096698162555695,30.19339632511139,15.096698162555695
102900011008133,花叶类,2023-07-07,14.71,26.213220000000003,1.6222323,23.86303739666939,42.52393264086486,18.660895244195466
102900011008164,花叶类,2023-07-07,2.56,4.56192,9.42328,24.12359619140625,42.988248413085934,18.864652221679684
102900011008485,花叶类,2023-07-07,8.09,14.41638,3.2743988,26.489886322021484,47.20497742584229,20.715091103820804
102900011008492,花叶类,2023-07-07,4.31,7.68042,4.889672,21.074485468864438,37.55473310551643,16.480247636651995
102900011008515,花叶类,2023-07-07,5.09,9.07038,2.3625176,12.025214560031891,21.42893234597683,9.40371778594494
102900011008522,花叶类,2023-07-07,3.15,5.6133,7.5541368,23.795530772209165,42.40363583607673,18.60810506386757
102900011008577,食用菌,2023-07-07,4.17,6.98058,2.977096,12.414490656852722,20.781857359571458,8.367366702718734
102900011008676,花叶类,2023-07-07,11.17,19.90494,1.6097358,17.980749405622483,32.04169544081926,14.060946035196782
102900011009246,食用菌,2023-07-07,7.38,12.35412,1.5619289,11.527035048007965,19.296256670365334,7.769221622357368
102900011009277,水生根茎类,2023-07-07,2.71,5.42,6.140276,16.64014783859253,33.28029567718506,16.64014783859253
102900011009444,茄类,2023-07-07,5.01,8.37672,4.1916,20.999915227890014,35.111858261032104,14.111943033142094
102900011009772,辣椒类,2023-07-07,14.71,28.331460000000003,1.6034611,23.586913462877273,45.42839532950163,21.84148186662436
102900011009970,花菜类,2023-07-07,7.13,11.31531,8.009733,57.10939771652222,90.63261417612075,33.523216459598544
102900011010563,食用菌,2023-07-07,14.71,24.62454,1.5429673,22.69704926967621,37.994860477437975,15.297811207761763
102900011010891,水生根茎类,2023-07-07,9.11,18.22,3.341475,30.440837340354918,60.881674680709835,30.440837340354918
102900011011058,食用菌,2023-07-07,14.71,24.62454,1.6163346,23.776281341314316,39.80149496536016,16.025213624045847
102900011011546,食用菌,2023-07-07,1.0,1.674,4.8051925,4.805192470550537,8.043892195701599,3.238699725151062
102900011011669,食用菌,2023-07-07,6.37,10.66338,2.1008894,13.38266576051712,22.40258248310566,9.019916722588539
102900011012482,食用菌,2023-07-07,6.04,10.11096,2.9178817,17.624005632400515,29.502585428638458,11.878579796237947
102900011012871,食用菌,2023-07-07,14.71,24.62454,1.5429673,22.69704926967621,37.994860477437975,15.297811207761763
102900011012994,食用菌,2023-07-07,4.18,6.997319999999999,6.3852534,26.690359334945676,44.679661526699064,17.989302191753385
102900011013274,食用菌,2023-07-07,3.29,5.50746,3.0008483,9.872790884971618,16.52705194144249,6.654261056470871
102900011015384,花叶类,2023-07-07,14.71,26.213220000000003,1.7562654,25.83466406106949,46.03737135682584,20.202707295756344
102900011015391,花叶类,2023-07-07,2.0,3.564,4.531667,9.063334465026855,16.150862016677856,7.087527551651001
102900011016701,辣椒类,2023-07-07,3.63,6.99138,14.599667,52.99678974151611,102.07181704216003,49.075027300643924
102900011016909,茄类,2023-07-07,9.66,16.15152,1.6216501,15.665139963626862,26.192114019184114,10.526974055557252
102900011018095,食用菌,2023-07-07,3.73,6.24402,6.116865,22.815907039642333,38.19382838436127,15.377921344718933
102900011018132,水生根茎类,2023-07-07,14.71,29.42,2.0636702,30.356588029861452,60.713176059722905,30.356588029861452
102900011021644,花叶类,2023-07-07,6.13,10.92366,4.203568,25.76787172794342,45.91834741919517,20.150475691251756
102900011021675,食用菌,2023-07-07,12.01,20.10474,1.6226196,19.48766174316406,32.62234575805664,13.134684014892578
102900011021699,食用菌,2023-07-07,14.71,24.62454,1.6087723,23.665040206909183,39.61527730636597,15.950237099456785
102900011021842,水生根茎类,2023-07-07,7.36,14.72,7.9362235,58.41060501098633,116.82121002197266,58.41060501098633
102900011022030,辣椒类,2023-07-07,2.4,4.6224,4.1685047,10.004411315917968,19.268496194458006,9.26408487854004
102900011022764,茄类,2023-07-07,7.0,11.704,6.1343117,42.940181732177734,71.79598385620118,28.85580212402344
102900011022849,花叶类,2023-07-07,0.6,1.0692,18.462395,11.077436828613282,19.739992428588867,8.662555599975585
102900011022924,花叶类,2023-07-07,1.4,2.4947999999999997,13.533751,18.947250747680663,33.76400083236694,14.816750084686277
102900011023075,食用菌,2023-07-07,3.0,5.022,3.237716,9.71314787864685,16.25980954885483,6.546661670207978
102900011023464,花叶类,2023-07-07,2.7,4.811400000000001,6.195555,16.72799906730652,29.80929433794022,13.081295270633701
102900011023976,水生根茎类,2023-07-07,0.87,1.74,8.09528,7.0428933334350585,14.085786666870117,7.0428933334350585
102900011024010,水生根茎类,2023-07-07,14.71,29.42,3.1439426,46.2473955655098,92.4947911310196,46.2473955655098
102900011026502,花叶类,2023-07-07,12.66,22.56012,1.8311728,23.18264795064926,41.31147864805698,18.128830697407725
102900011026618,花叶类,2023-07-07,2.8,4.989599999999999,4.983979,13.955141830444335,24.868062741851805,10.912920911407468
102900011026793,食用菌,2023-07-07,3.15,5.2730999999999995,3.616097,11.390705466270447,19.068040950536727,7.67733548426628
102900011027462,花叶类,2023-07-07,5.51,9.81882,4.982817,27.45532262325287,48.925384914636616,21.470062291383748
102900011027479,辣椒类,2023-07-07,12.97,24.980220000000003,2.5344589,32.87193161725998,63.31134029484273,30.439408677582747
102900011027615,花叶类,2023-07-07,6.3,11.2266,2.5576177,16.112991285324096,28.71335047044754,12.600359185123443
102900011028407,辣椒类,2023-07-07,3.0,5.7780000000000005,3.0266936,9.08008074760437,17.488235519886018,8.408154772281648
102900011029176,辣椒类,2023-07-07,0.89,1.7141400000000002,5.043767,4.48895260810852,8.64572272321701,4.156770115108491
102900011029275,辣椒类,2023-07-07,13.01,25.057260000000003,1.6290294,21.193672405481337,40.81901305295706,19.625340647475724
102900011029299,辣椒类,2023-07-07,13.95,26.8677,1.633962,22.793770390748975,43.90080177258253,21.107031381833554
102900011029305,辣椒类,2023-07-07,14.71,28.331460000000003,1.5671935,23.053416504859925,44.40088018836022,21.347463683500294
102900011029688,花叶类,2023-07-07,3.4,6.0588,3.7738533,12.83110122680664,22.865022386169432,10.033921159362793
102900011030042,花叶类,2023-07-07,0.14,0.24948000000000004,19.47791,2.7269072723388676,4.859348759307862,2.1324414869689945
102900011030059,花叶类,2023-07-07,3.49,6.219180000000001,28.45518,99.30857545852662,176.96788146709443,77.65930600856782
102900011030097,花叶类,2023-07-07,2.84,5.06088,24.47253,69.50198623657226,123.85253947357178,54.35055323699952
102900011030103,花叶类,2023-07-07,0.97,1.72854,13.447594,13.044165878295898,23.24470359512329,10.200537716827393
102900011030110,花叶类,2023-07-07,4.07,7.25274,12.275269,49.960343017578126,89.02933125732422,39.06898823974609
102900011030134,花叶类,2023-07-07,2.16,3.84912,6.9443073,14.999703826904298,26.729472219543457,11.72976839263916
102900011030141,花叶类,2023-07-07,2.01,3.5818199999999996,8.220444,16.523091888427732,29.44414974517822,12.921057856750487
102900011030158,花叶类,2023-07-07,1.07,1.90674,9.798249,10.484126691818238,18.6827137648201,8.198587073001862
102900011030400,花叶类,2023-07-07,14.71,26.213220000000003,3.8395271,56.47944408416748,100.64636935798646,44.16692527381898
102900011030417,花叶类,2023-07-07,14.71,26.213220000000003,1.8565518,27.30987648367882,48.66619989391566,21.35632341023684
102900011030561,食用菌,2023-07-07,12.42,20.791079999999997,1.8565518,23.058372938632964,38.59971629927158,15.541343360638614
102900011030608,食用菌,2023-07-07,5.1,8.5374,2.950386,15.046968841552733,25.188625840759276,10.141656999206544
102900011030615,食用菌,2023-07-07,10.37,17.359379999999998,1.9520804,20.24307342648506,33.886904915935986,13.64383148945093
102900011030622,食用菌,2023-07-07,14.56,24.37344,2.3292,33.91315242767334,56.770617163925166,22.857464736251828
102900011030639,食用菌,2023-07-07,14.71,24.62454,2.2795775,33.53258493185044,56.13354717591763,22.60096224406719
102900011030905,花叶类,2023-07-07,3.16,5.63112,3.0467217,9.627640562057495,17.156455481586455,7.528814919528961
102900011030912,食用菌,2023-07-07,2.59,4.33566,4.185973,10.841670503616333,18.14895642305374,7.307285919437408
102900011030929,食用菌,2023-07-07,1.3,2.1762,5.1827917,6.737629222869873,11.278791319084169,4.541162096214295
102900011031100,辣椒类,2023-07-07,2.11,4.06386,25.992998,54.84522603988647,105.63190535282135,50.78667931293488
102900011031216,花叶类,2023-07-07,5.12,9.12384,2.8332977,14.506484375,25.85055515625,11.344070781249998
102900011031582,辣椒类,2023-07-07,0.92,1.7719200000000002,7.6939893,7.078470134735108,13.633133479499818,6.554663344764711
102900011031599,食用菌,2023-07-07,1.96,3.28104,4.6827555,9.178200721740723,15.36430800819397,6.186107286453247
102900011031735,辣椒类,2023-07-07,3.79,7.29954,3.6346483,13.77531714439392,26.531260820102695,12.755943675708773
102900011031742,辣椒类,2023-07-07,2.06,3.9675600000000006,4.105031,8.456363887786866,16.286956847877505,7.830592960090639
102900011031759,辣椒类,2023-07-07,3.48,6.70248,3.4053113,11.850483484268189,22.824031190700534,10.973547706432344
102900011031841,食用菌,2023-07-07,0.1,0.1674,19.057919,1.9057918548583985,3.190295565032959,1.2845037101745602
102900011031858,食用菌,2023-07-07,0.1,0.1674,17.578915,1.7578914642333985,2.9427103111267088,1.1848188468933103
102900011031926,食用菌,2023-07-07,2.6,4.3524,4.5079365,11.720634841918946,19.620342725372314,7.89970788345337
102900011031995,食用菌,2023-07-07,1.61,2.69514,9.483904,15.269085254669191,25.560448716316223,10.291363461647032
102900011032022,辣椒类,2023-07-07,2.1,4.044600000000001,12.341439,25.917022418975833,49.91618517894746,23.99916275997163
102900011032114,水生根茎类,2023-07-07,3.8,7.6,3.7296762,14.172769737243652,28.345539474487303,14.172769737243652
102900011032176,花叶类,2023-07-07,1.85,3.2967000000000004,4.2387667,7.841718339920044,13.97394208173752,6.132223741817476
102900011032206,辣椒类,2023-07-07,0.1,0.19260000000000002,18.911892,1.891189193725586,3.642430387115479,1.7512411933898928
102900011032213,辣椒类,2023-07-07,3.23,6.220980000000001,3.8789532,12.529018895626068,24.13089039297581,11.601871497349743
102900011032220,辣椒类,2023-07-07,3.92,7.54992,4.674614,18.32448669433594,35.292961373291014,16.96847467895508
102900011032237,辣椒类,2023-07-07,2.55,4.9113,3.6699293,9.358319628238677,18.024123603987693,8.665803975749016
102900011032244,辣椒类,2023-07-07,3.1,5.970600000000001,4.2386074,13.139682960510255,25.307029381942755,12.1673464214325
102900011032251,辣椒类,2023-07-07,4.29,8.262540000000001,12.087257,51.85433418273926,99.87144763595583,48.01711345321657
102900011032282,花叶类,2023-07-07,2.5,4.455,7.7055225,19.263806343078613,34.32810290336609,15.064296560287476
102900011032343,辣椒类,2023-07-07,12.13,23.36238,1.8765416,22.76244978427887,43.840478284521105,21.078028500242237
102900011032350,辣椒类,2023-07-07,9.23,17.776980000000002,1.5536263,14.339970738887788,27.61878364309788,13.278812904210092
102900011032367,辣椒类,2023-07-07,11.51,22.16826,1.6290294,18.750128315687178,36.11274713601351,17.36261882032633
102900011032480,花叶类,2023-07-07,12.07,21.50874,1.568346,18.929936504364015,33.73314685077667,14.803210346412657
102900011032589,花叶类,2023-07-07,4.1,7.3062,2.987304,12.247946286201476,21.82584028201103,9.577893995809555
102900011032619,食用菌,2023-07-07,11.18,18.71532,4.266791,47.7027218914032,79.85435644620895,32.15163455480575
102900011032626,食用菌,2023-07-07,7.35,12.303899999999999,1.6362597,12.026508611440658,20.13237541555166,8.105866804111002
102900011032633,食用菌,2023-07-07,7.14,11.952359999999999,2.4369383,17.399739360809324,29.12716368999481,11.727424329185483
102900011032640,食用菌,2023-07-07,8.88,14.865120000000001,1.7736754,15.75023792266846,26.365898282547,10.615660359878541
102900011032732,水生根茎类,2023-07-07,13.69,27.38,2.297313,31.45021462678909,62.90042925357818,31.45021462678909
102900011032787,花叶类,2023-07-07,1.08,1.92456,15.273177,16.49503131866455,29.39414580986023,12.899114491195679
102900011032848,辣椒类,2023-07-07,2.33,4.48758,8.325356,19.398078384399415,37.360698968353276,17.96262058395386
102900011033081,花叶类,2023-07-07,4.96,8.83872,2.6620152,13.203595390319824,23.528806985549927,10.325211595230103
102900011033173,花叶类,2023-07-07,11.22,19.994040000000002,1.5554637,17.452302396297455,31.10000287020207,13.647700473904612
102900011033234,花叶类,2023-07-07,0.1,0.17820000000000003,33.61371,3.3613708496093753,5.989962854003907,2.628592004394532
102900011033241,花叶类,2023-07-07,4.69,8.35758,6.1195817,28.700838170051576,51.14489361903191,22.444055448980333
102900011033531,花叶类,2023-07-07,11.99,21.36618,1.7525101,21.01259574890137,37.44444562454223,16.431849875640868
102900011033562,花叶类,2023-07-07,12.0,21.384,1.6301819,19.562182903289795,34.85980993366241,15.29762703037262
102900011033586,花叶类,2023-07-07,12.0,21.384,2.2607975,27.12957000732422,48.34489375305176,21.215323745727538
102900011033906,花叶类,2023-07-07,0.3,0.5346,46.12208,13.83662452697754,24.656864907073974,10.820240380096434
102900011033913,花菜类,2023-07-07,8.58,13.61646,2.6955216,23.12757526874542,36.70346195149899,13.575886682753563
102900011033920,花叶类,2023-07-07,5.54,9.87228,4.1142225,22.792792797088623,40.616756764411925,17.8239639673233
102900011033937,食用菌,2023-07-07,5.81,9.72594,2.797638,16.254276428222656,27.209658740844727,10.95538231262207
102900011033944,食用菌,2023-07-07,8.14,13.62636,3.1034667,25.262219338417054,42.28895517251015,17.026735834093092
102900011033968,食用菌,2023-07-07,12.61,21.109139999999996,1.6971928,21.401601058244704,35.82628017150163,14.424679113256927
102900011033975,茄类,2023-07-07,0.12,0.20064,17.734535,2.1281442260742187,3.558257145996094,1.4301129199218754
102900011033982,茄类,2023-07-07,4.34,7.256480000000001,3.0404437,13.19552547931671,22.062918601417543,8.867393122100832
102900011033999,茄类,2023-07-07,6.18,10.33296,2.572845,15.900181989669798,26.585104286727905,10.684922297058106
102900011034026,花菜类,2023-07-07,8.39,13.31493,8.063241,67.65059203147888,107.36148955395699,39.7108975224781
102900011034200,花叶类,2023-07-07,1.59,2.83338,6.612052,10.513162622451782,18.734455793209076,8.221293170757294
102900011034217,花叶类,2023-07-07,5.74,10.22868,4.8071184,27.592859706878663,49.17047599765778,21.577616290779115
102900011034224,花叶类,2023-07-07,1.98,3.52836,8.060601,15.95999044418335,28.44070297153473,12.48071252735138
102900011034231,花叶类,2023-07-07,1.36,2.4235200000000003,22.89247,31.133758392333988,55.48035745513917,24.346599062805183
102900011034262,辣椒类,2023-07-07,0.1,0.19260000000000002,18.923525,1.8923524856567384,3.6446708873748785,1.75231840171814
102900011034316,花叶类,2023-07-07,4.21,7.50222,11.924999,50.2042467880249,89.46396777626038,39.25972098823548
102900011034323,花叶类,2023-07-07,14.71,26.213220000000003,1.6351146,24.05253503918648,42.86161743983031,18.80908240064383
102900011034330,食用菌,2023-07-07,3.41,5.70834,11.9471,40.7396099281311,68.19810701969146,27.45849709156036
102900011034354,花叶类,2023-07-07,3.27,5.82714,5.730467,18.738626575469972,33.39223255748749,14.653605982017517
102900011034439,辣椒类,2023-07-07,3.32,6.3943200000000004,4.235251,14.061033153533934,27.081549853706363,13.020516700172427
102900011034538,食用菌,2023-07-07,1.2,2.0088,4.2672462,5.120695495605468,8.572044259643555,3.451348764038086
102900011034569,水生根茎类,2023-07-07,2.0,4.0,5.1070247,10.214049339294434,20.428098678588867,10.214049339294434
102900011034705,食用菌,2023-07-07,6.7,11.2158,2.652944,17.77472538948059,29.754890301990507,11.980164912509917
102900011035078,辣椒类,2023-07-07,12.72,24.498720000000002,2.5420213,32.3345106124878,62.2762674396515,29.9417568271637
102900011035481,花叶类,2023-07-07,3.58,6.379560000000001,6.1007085,21.840536375045776,38.91983582033158,17.079299445285802
102900011035511,水生根茎类,2023-07-07,3.22,6.44,5.223225,16.818784875869753,33.637569751739505,16.818784875869753
102900011035740,食用菌,2023-07-07,3.12,5.22288,3.7350912,11.653484573364258,19.507933175811768,7.854448602447509
102900011035764,花叶类,2023-07-07,7.69,13.70358,2.2807226,17.53875693321228,31.254064854984286,13.715307921772004
102900011035771,花叶类,2023-07-07,7.58,13.50756,2.2228398,16.849125928878784,30.02514240526199,13.176016476383209
102900011035788,食用菌,2023-07-07,2.48,4.15152,12.531745,31.07872749328613,52.02578982376098,20.94706233047485
102900011035849,花叶类,2023-07-07,2.99,5.328180000000001,5.461687,16.33044439315796,29.100851908607485,12.770407515449525
102900011035962,水生根茎类,2023-07-07,0.1,0.2,18.105406,1.8105405807495119,3.6210811614990237,1.8105405807495119
102900011036068,食用菌,2023-07-07,2.85,4.7709,4.494973,12.810673570632934,21.445067557239533,8.634393986606598
102900011036242,辣椒类,2023-07-07,3.88,7.47288,3.0295126,11.754509057998657,22.639184445705414,10.884675387706757
102900011036266,食用菌,2023-07-07,3.4,5.691599999999999,3.6563592,12.431621265411376,20.81053399829864,8.378912732887265
102900011036686,花叶类,2023-07-07,1.53,2.72646,4.491486,6.871973690986634,12.24585711733818,5.373883426351546
102900051000463,茄类,2023-07-07,3.2,5.3504000000000005,3.2935019,10.539205932617188,17.62155231933594,7.082346386718751
102900051000890,花叶类,2023-07-07,3.99,7.110180000000001,3.0204594,12.051633059978485,21.476010112881664,9.424377052903177
102900051000944,水生根茎类,2023-07-07,14.71,29.42,4.677097,68.80009457111359,137.60018914222718,68.80009457111359
102900051004294,辣椒类,2023-07-07,0.1,0.19260000000000002,18.666153,1.8666152954101562,3.5951010589599615,1.728485763549805
102900051006229,水生根茎类,2023-07-07,2.99,5.98,6.0997434,18.23823266506195,36.4764653301239,18.23823266506195
102900051009220,花叶类,2023-07-07,7.28,12.97296,3.1462693,22.904840660095214,40.81642605628967,17.911585396194457
102900051009336,食用菌,2023-07-07,10.18,17.04132,1.6149486,16.4401770567894,27.52085639306545,11.080679336276052
102900051010455,花叶类,2023-07-07,4.48,7.983360000000001,5.0089264,22.439990234375003,39.98806259765625,17.548072363281253
102900051010790,花叶类,2023-07-07,10.28,18.31896,1.6274451,16.730135645866394,29.813101720933915,13.082966075067523
106930274220092,食用菌,2023-07-07,2.53,4.235219999999999,4.2178,10.671034355163574,17.86331151054382,7.192277155380246
106930274620090,食用菌,2023-07-07,2.58,4.31892,9.665817,24.937808532714843,41.74589148376465,16.80808295104981
106931885000035,食用菌,2023-07-07,4.0,6.696,3.5719328,14.287731170654297,23.91766197967529,9.629930809020996
106931885000356,食用菌,2023-07-07,8.12,13.592879999999997,1.9123615,15.528375401496886,25.994500422105784,10.4661250206089
106949711300068,食用菌,2023-07-07,1.99,3.33126,6.549355,13.033216509819031,21.81760443743706,8.784387927618026
106949711300167,食用菌,2023-07-07,4.02,6.729479999999999,18.141947,72.9306261062622,122.08586810188291,49.15524199562071
106949711300259,食用菌,2023-07-07,1.45,2.4273,20.146095,29.211838150024413,48.900617063140864,19.68877891311645
106956146480197,食用菌,2023-07-07,1.0,1.674,6.420725,6.420724868774414,10.748293430328369,4.327568561553955
106956146480203,食用菌,2023-07-07,2.1,3.5154,7.654341,16.074116563797,26.908071127796173,10.833954563999177
106957634300010,食用菌,2023-07-07,3.9,6.5286,6.413824,25.013913917541505,41.87329189796448,16.859377980422973
106957634300058,食用菌,2023-07-07,2.1,3.5154,6.4816456,13.611455726623536,22.7855768863678,9.174121159744262
106958851400125,食用菌,2023-07-07,2.39,4.00086,8.59334,20.53808240890503,34.380749952507024,13.84266754360199
106971533450003,食用菌,2023-07-07,1.95,3.2643,11.688452,22.792480945587158,38.154613102912904,15.362132157325744
106971533455008,食用菌,2023-07-07,1.9,3.1805999999999996,10.510995,19.97089033126831,33.43127041454315,13.460380083274838
106971563780002,花叶类,2023-07-07,3.0,5.346,5.475327,16.425981044769287,29.27109822177887,12.845117177009582
106972776821582,花叶类,2023-07-07,3.38,6.02316,13.385582,45.24326705932617,80.62350189971923,35.380234840393065
106973223300667,食用菌,2023-07-07,5.0,8.37,5.250037,26.2501859664917,43.9428113079071,17.6926253414154
106973990980123,食用菌,2023-07-07,2.03,3.3982199999999994,8.443963,17.14124499320984,28.694444118633264,11.553199125423427
